Variable 1,Variable 2,Variable 3,Variable 4,Y
8.837987306605472,13.413878285260393,1,Two,64.27920058067504
10.448512188249104,11.704508257663585,0,Three,60.27859017560923
,13.028300628414087,0,Three,84.09548086174698
4.55644011551142,11.261989019391937,1,Two,39.63467121437629
10.399731529234248,11.76217258363173,1,Three,66.89759661821387
9.80803558764508,13.721244431405399,1,Two,69.414900946106
8.575081238984946,12.54306622194069,1,Two,60.92970545666687
5.645763652073102,14.690997156276051,1,Two,53.067717477955384
8.595929205766826,17.00289761987049,0,Two,65.41446432278005
20.353599814578054,13.388209582480641,1,Two,116.11196288468007
7.977396835409948,11.437766074668318,1,Two,55.48859583512989
7.662763167663659,13.105089004434936,1,Three,57.90133967086464
4.907602496903751,13.925509811403483,0,One,45.06017016307639
12.987132158910839,15.241368471552285,0,Two,80.82514672409252
7.766615531486082,14.781101060514095,0,Two,56.15408719795386
9.556793762893331,11.35838194326638,0,Two,55.71351458166877
5.250653461736883,12.689172698316796,1,Three,45.996971048597956
5.96709633252816,12.756741235714133,1,Three,49.393674529268104
7.24055307358117,13.580921068508912,1,Three,57.18142558767154
9.657429636002133,12.190701190944452,1,Two,64.93153251826746
13.291013009380537,13.58309507092764,1,Two,84.76796751254318
13.664095218485706,15.39730077300801,1,Three,90.64511330331821
16.867392447779764,10.297955729563766,1,,92.40516311557849
12.077040366061839,14.006453844976516,0,Two,73.65393623850142
17.314864243150705,14.47985412937946,0,Three,98.1216671002297
14.329649178005797,13.331550973921505,1,One,92.74084947781816
11.47449709563125,11.757114513619172,1,Two,72.04256253451547
11.178026491396462,12.201325429145156,0,Two,65.11520520830122
4.655185185050113,14.84935780231997,0,Three,41.98773290915197
5.826317613264396,13.18229256162707,1,Three,49.817078180032176
3.452024123722076,13.232482030367068,0,Three,32.54628474852352
15.312257715153628,14.478961749073187,1,Two,96.10392003881282
11.669935578476775,13.718571901682925,1,Three,77.4851744057189
12.870978756104176,16.731407572312943,1,Three,90.38717268002438
14.00862976712445,12.952164253149869,1,Two,86.43362280552948
9.181891376339635,15.645849890774667,1,Two,71.37731094824164
9.86832092275781,11.878953034547171,1,Two,65.10699340119454
8.507452389218578,14.939887071426645,0,Three,59.5735029740046
11.263151013278566,16.271697181554,1,One,86.22993847058525
8.781014712493038,13.440764066335046,1,Two,64.0892793634023
11.45062609714328,12.355287739188737,1,Three,73.10795951206416
7.757397537964554,16.6549309077922,1,Two,67.46603484862158
8.794505695606812,11.981675926243023,1,Two,60.52305859193739
11.286892853568158,17.41437641186205,0,One,82.48192048020117
11.441467062714457,15.823426786516215,1,Three,81.68782670477397
9.218123830973367,12.88116846095158,1,Two,64.66811733012864
4.637549796312253,14.178161353449918,0,Two,40.55376008316462
14.378468968161346,8.309194999657727,1,Two,76.55879891643261
5.297450948140797,14.011496586380089,1,Two,49.80889101340327
8.809411172243143,14.203095599842685,0,One,63.3341925999504
7.785547581815012,11.573444957487842,0,Two,48.265775112411475
7.779836027934217,16.19175266891956,1,Three,66.10181063304488
11.784887073849877,18.488401597395555,0,Three,83.1646204285108
13.330187432699223,16.249585036271057,1,Two,91.57290622644106
8.797075166966208,11.485518182879355,1,Two,59.30128309916378
7.238293253316725,12.445594715927886,1,One,58.58043244575813
9.183941693439273,14.76699626684483,1,Two,69.2018856008632
10.134729725641277,14.68774529464811,0,Three,66.28025771227317
12.802357471432458,15.482694903771442,0,Two,80.59232840654155
6.014702239872878,16.41327146087012,0,Two,52.3161371647897
6.872349253545472,17.880109666649282,1,Two,66.5230171076533
4.268581410789192,13.8694250695684,1,One,48.736424319523664
9.4230429757012,11.538467266721756,0,One,59.47583570158435
4.8288800962671425,15.1212147292193,1,Two,50.455768254214796
12.22208362373396,11.043116705784318,1,Two,73.63679143705819
14.443972264149373,14.588414493706445,1,Two,92.4629604144138
11.024049231820761,13.081156742385978,1,Two,73.30388282312092
13.018230405423331,15.539331035286837,1,Three,88.08750212620016
2.2245109755168713,18.07134142986206,0,,39.35681012291416
,11.69591380503081,1,Three,71.6142229918227
,10.543027734144856,1,Three,68.00179076819504
7.064157051888506,18.941085508414737,1,Two,70.02481035958165
-4.7168449192411295,12.774053006247996,0,One,-1.1759298883547018
10.347402528638936,17.63636903205835,1,Two,81.57789238752284
11.510694840482785,9.8378154892041,1,Two,67.43467467924883
19.971769626216833,13.638481277210825,0,One,112.2352528757142
11.011847724432808,12.140829783710405,0,Three,63.90194681746687
9.246855934593702,15.223053757120848,1,Three,70.30511820252067
5.56170171310633,11.677661737939104,1,One,49.115722366701256
10.415593812240907,12.46492432350966,1,Two,69.02996294393922
15.329465106914778,11.510772822510958,0,Three,81.79363425619172
14.427912166907257,11.343559363835745,0,Two,77.62898199413434
8.415994347153823,10.004907558893791,1,Three,53.58940169537068
5.038873507992085,12.381362974117023,1,Two,44.59137236825949
12.623693284640934,14.548552944173462,1,Two,84.16055373534276
19.52032239805796,13.51962938776051,1,Two,112.68337740748726
6.101375927447661,15.239223446721304,1,Three,56.16980799063214
12.640785650473294,12.994454058408916,1,Two,80.37438414906094
13.870726438833227,13.377060586603633,0,Two,80.17285661103014
9.437015631651189,13.139100332684224,0,One,63.51767900161611
8.401476990982985,15.902185958549131,1,Two,68.49747784504498
11.329511601420956,12.667554116107747,1,One,77.56977684836095
11.467134284198373,14.596736260301782,1,Three,78.75417660103348
12.689079785323443,12.312400955798157,0,Three,71.88709982709639
9.495538311399761,9.67931504628682,1,Three,57.6451416866293
8.735133034160903,11.254885366485672,1,Three,58.134851221355554
13.093089963234469,15.504876389330363,1,Two,88.65319028103514
3.1267772583618454,15.561955415817296,0,Three,36.8711526135076
14.51953748051352,11.381074763707874,0,One,82.05258702368587
11.40366186834532,12.599438171954617,1,Three,73.50322146012518
8.687017321903735,12.939441307488064,0,One,59.64140148344143
3.499139540191969,13.675340658791074,0,Three,33.85947988827497
5.902926267301615,13.957034768040165,1,Two,52.40216054436328
11.501598670048985,12.520809985823588,0,One,71.28503070182374
6.146183313340506,10.357826433514214,1,Two,44.55147208594653
8.958709112045963,15.519925111051954,0,Two,63.362986368894845
2.111600247483411,11.705469329007151,1,Two,29.71909884759258
5.741023811925766,13.075052657735519,1,Two,49.480084380314196
14.753097699091018,16.768940122853465,0,Three,92.26697958003626
11.413138929558167,15.098142126773226,1,Three,79.75724067158222
18.330590147757395,13.5036272909125,0,One,104.50384744732787
,13.0366491076549,1,Three,46.759549329963825
6.973985574929852,15.143888183665362,1,Three,59.865348568274406
9.167370084765992,13.968295815895098,0,One,64.36371164074355
9.234286107599175,16.58229029880596,0,One,71.1631774664881
13.139110122481613,14.473426444185634,1,Two,86.29659476080758
7.012485243332393,13.214330326273242,0,Three,48.54683311677785
5.780639356367385,15.4609746070757,1,Two,55.58957156925141
12.66316547989312,10.04242567771973,1,Two,73.13705251624243
-0.4047538021201422,14.800712837584339,0,Three,19.063553147070603
1.2469302972765561,14.668871423633481,1,Three,32.87484418369573
11.464906882869618,16.03992483508063,1,One,86.5630343075849
14.543309638151772,15.899267613455956,0,Two,89.47367205871592
14.789057377974338,12.50701135639573,0,One,86.06607996671521
13.706248250924768,13.871822482347842,1,Two,87.35700007114137
3.938139014866268,10.688383176343795,1,Two,35.42234220023579
9.581019681590291,12.848141078814391,1,Two,66.22145367650418
9.126012192710222,16.882027232940178,1,Two,74.19838945468877
10.268057954817131,13.508648973504958,0,Two,64.26407772501973
6.018345088930804,15.592829861755252,1,Three,56.674618236285646
10.037105159347751,13.25855976326389,0,Two,62.60158473285048
13.538406131778986,15.391128489000563,0,Two,83.68180820705118
13.810118263103401,16.455472894285634,0,Two,87.5520740983427
9.884195055725122,14.363230539776964,1,One,75.27140804810516
10.025630199005203,15.337001464870571,0,Three,67.40251597475971
12.594294994828497,7.461952482962273,0,Three,59.40263448171552
11.036332128793944,15.398001426983248,0,Three,72.10900701960466
12.770403888610712,16.553901614575352,0,One,87.02857227488444
5.285350164182129,16.090333810031453,1,Two,54.92195693921767
10.096115676872504,16.08668917555059,0,Three,69.58375084465047
8.043952651119426,11.989952603408177,1,Two,57.161170268264094
9.66077887450231,12.432358957850335,1,Two,65.5473421948735
10.165633609238181,14.424039294914802,1,,76.69090578958348
7.802674716746191,16.567013547813847,1,Two,67.45153612740651
8.92935775573846,15.24490141217067,0,Three,62.23308155089943
13.982994690468468,14.048553554293418,0,Three,82.03404153925938
17.81746334376846,12.980707410151748,1,One,107.5869955269886
8.266996862037317,15.75206046771737,1,Two,67.51824224109535
12.770737868615562,12.013916184978106,0,Three,71.51312516029655
16.255860701123034,15.379783900712628,1,Two,102.59566170639124
15.32166991326233,18.248761610675537,1,Three,105.20338124090084
11.572435946060974,12.373259511210723,1,Two,74.01555736236804
3.2885189617801833,13.664676142126085,0,Three,32.88378152019185
16.230836206901905,13.404994394228908,0,Two,90.87842914981617
8.312415270862052,14.36505796224175,1,Two,64.27509784206491
11.91864640917594,14.533845220614499,0,Three,73.93713801348271
7.9049629970418245,12.888246903939637,1,Two,58.767786984306085
8.471408670553691,13.018477939958,1,Two,61.644276275555896
11.199386444739341,11.644371610125472,1,Two,70.5224837322573
6.5898436734157935,11.64795556838799,1,Three,49.443931171083385
15.670903839044037,12.106476757303216,1,Two,91.82265138257037
9.728421747369172,15.561735768596582,0,Two,66.93572754619511
14.355167225887037,17.609558406667414,1,Two,99.57274666670229
11.297132347019875,10.694992757808215,1,Two,68.603010192508
12.747775788548365,13.301649379871696,1,Three,81.30620693004708
9.2889257770811,12.8989313959392,0,Three,58.02187880134496
11.132019137573984,20.243927793474803,1,Two,91.59576903269586
5.717620208551315,15.004972438632533,0,Two,47.47653189698322
15.778536264443325,12.27917466380642,0,Two,86.04150522437959
12.09624933163211,15.593810377782281,0,Three,77.37240281620518
13.859208325644087,14.930826566017496,0,Two,83.98331973182104
0.7273295114305718,15.082060379605782,0,Two,25.17877943121247
3.863952339865862,12.898962901097232,1,Two,40.58309733678646
8.727803739716853,11.6873411005506,0,Two,52.79529658586622
13.954021080705788,14.430738644750267,1,One,93.78040826351288
8.33693566411402,13.865538609581307,0,Three,56.13441882019564
6.408873528847993,14.677676087926496,0,One,53.6955830471849
5.571954106434959,9.669486241122026,0,Two,33.557050600693714
7.196425876962141,12.774222672279283,1,Two,55.29123162551225
7.6421388195651705,14.030553167863442,1,One,64.3403233654794
13.283991979019408,14.8143335731607,1,Three,87.48298261605795
10.785170001134333,12.617185664183385,1,Three,70.76002627033517
4.161137464151945,12.681063192210388,0,Two,34.68524203180003
10.378612377202723,14.476869131837649,0,Two,67.16911908027596
14.49595696918383,11.131162065893196,1,One,88.0205823078402
6.8805867793843145,14.736149643181234,0,One,55.96677300053373
4.372605393575588,9.675694193618863,1,,34.862965124151515
11.267170541641944,13.485671900555566,1,Three,75.09111688470895
7.7859213118059944,10.49959207915621,0,Three,45.28409057607992
14.111517839384474,9.13337712337768,1,,77.09054017713555
7.709143872635868,13.957339480017158,1,One,64.460294641116
11.473025496968205,18.465041790032085,1,One,92.6280080173794
10.952413325795405,12.13539172309661,1,Two,70.63005196955395
14.194877154496234,13.142218719757846,1,Two,87.74541008119662
10.589502697396325,15.887074022613172,1,Two,78.32052806146264
13.095724026453826,13.979611084820446,1,Three,84.55956555238596
14.73433980510998,16.830307503603525,1,Three,99.03049252523537
2.555548575125406,17.123788997600812,0,Two,38.493235375756356
15.158958810178309,15.563475872833209,1,Three,97.7949860273416
8.675885412495722,12.143644870970773,1,Three,60.077133815585334
9.609720592955258,13.740921288631327,0,Three,61.560610406147354
13.620042021985956,16.229207577722285,1,Two,92.8285181934145
11.108205997824312,13.898884663128301,0,Three,68.70639248128711
8.640153911015899,19.91131347360563,0,Three,72.52957333740227
3.9878580643669252,14.75667369351331,0,Two,39.06391503389823
8.243213178974829,15.943732327274827,1,Two,67.88751836619906
9.67937924348073,15.641423000534418,1,Three,73.2943269236894
5.115975538221219,15.930917402089365,0,Two,47.06686940438415
15.516167157433312,13.754517533813102,1,Two,95.22203131361927
14.379716133719352,8.140460612742828,1,Two,76.14497737096357
8.298498457525673,11.476859473212937,1,One,60.950287594136896
4.868872043647287,17.36693239206864,1,Two,56.2184301768624
1.1667969156098046,14.475728064157439,1,Three,32.033594739240414
8.26920379787368,14.85807295058231,0,Three,58.29643087926135
3.022581568488791,11.563165880267931,1,Three,33.156840295042414
12.899403774812157,12.921822436408407,0,Two,74.663830994479
1.3304876078621923,11.428802368658184,1,Two,25.51117336019813
11.331310669813174,17.868887602789243,1,Two,86.5899969306483
7.393259849479508,14.02192493951849,1,One,63.19727052875385
10.299969995041423,16.161126248936533,1,Two,77.69695463836132
6.688965633759572,13.53885611700085,0,Three,47.89556120051161
8.630710489015925,9.168402420827015,1,Two,52.791624130308556
5.922472032989209,12.81335896204222,0,One,46.86921005300937
12.284947289467393,13.47320330293984,1,Two,79.96083427186721
6.834692885875253,11.60837904203419,1,One,54.68039492209173
13.880109818096606,18.61091556701595,1,Three,99.60705448642179
4.6596569074406995,14.549597994538546,1,Three,47.95823857513576
13.189671289472136,15.30868493681217,0,Two,81.90525114574338
5.97979479560338,18.13758337861472,0,One,60.36256619669937
7.0795265860686545,14.756282223379587,1,One,63.60886629011966
6.786189517393597,13.359730022422589,1,Three,54.58393905511629
4.697448633409509,13.860085724415358,1,Three,46.41455353703665
3.342065293732932,12.426162141179496,1,Two,37.055853040884934
8.61361454752562,12.709961667856001,1,Three,61.2042596530953
2.48410473104943,7.197217876572806,0,Three,13.181697777111607
9.54269928733515,14.427050502254872,0,Two,63.2781308318631
11.731587360469737,12.4919610458257,1,Three,74.71389133839168
5.088373992879213,13.41002537923572,1,Three,47.05754265360005
10.896616907596654,14.31205966626301,1,One,79.70681447004696
6.719667118801216,15.229882016508288,1,Three,58.932994703586026
11.30229011959382,12.401707615681502,0,Two,66.17332757900051
13.815043159462903,17.14624427176457,1,One,99.90432456348509
8.975081920034638,10.226422535795296,0,One,54.19554507832879
10.982236812662912,14.632877286528341,1,Two,76.97273623898742
18.083546868045854,11.207809255628744,0,One,97.68354227232973
7.230080026967677,15.222605139681454,0,Two,54.833618201451934
11.579008741639269,5.492026375117673,0,Two,50.24422288875551
3.7170751356556773,15.034778889294614,0,Two,38.5349147686673
11.565053919153437,13.489996534559234,1,Two,76.75828822055401
7.447932668477074,11.868602899771993,1,Two,54.173477925344855
8.226506334156868,14.74239860187483,1,One,68.74336407471117
17.643707953577536,16.79933399273155,1,,116.2963346551532
13.346699436570352,18.23395136926519,0,Two,89.88458241730665
7.860547299154295,14.751771693837675,0,One,60.42192299647085
8.193885861799963,18.91192672474276,1,Two,75.043593411244
9.268654398327925,15.670714281124864,1,Three,71.51615589257543
13.103755015784502,14.430608942273693,0,Three,79.02135438505849
7.237222117302117,13.627036096643016,1,Two,57.59501936945553
9.43145396373971,12.626414953800321,0,Two,58.30074722493704
3.243519263982728,13.203386217671051,1,One,42.461203872240674
11.148822600504605,10.307050763473097,1,Two,66.97028241374429
9.937288585057837,9.360617437809776,1,Three,58.84372287070754
6.418828685598143,13.01389648036068,1,Two,52.38267531060078
6.346281911203841,15.724215645744177,1,Three,58.47910759330341
5.512721094507065,13.635049580035504,1,Two,49.84325657043433
9.013560636052363,15.45450049237255,1,Two,70.1430483598148
3.5061479319242785,15.950700578122143,1,Two,46.55665413761022
6.002675277539812,12.066931274202858,1,Two,48.153249151677095
10.034367569399155,14.169386466687415,1,Two,71.54889185120751
5.657586491747165,17.09931398398068,0,,52.09815096846756
12.445314164058017,12.632618454524275,1,Two,78.59401159421297
7.173294230436629,13.137255786227572,1,Three,55.77544634775361
8.394238798456673,10.953566998434836,1,Three,55.84954708662283
11.856576582051103,13.694923604086592,1,One,82.49891006360792
15.299761892755015,18.306366890603112,0,Three,98.55234592094078
15.476694786325222,16.063031936710118,1,Two,100.7826781195956
4.6773866391191365,13.64543238657225,1,One,50.02195316547959
10.888484623223043,12.046852607874643,1,Three,69.80788566749449
8.990837133604561,13.68187379341692,0,Three,58.6247525136439
10.278098343260375,11.482957732418008,1,One,69.88676495526882
8.06939420855268,14.423853426051888,1,Two,63.32604707014892
8.989976996143888,16.158193753125914,1,Two,71.78601522610315
12.659505617355638,12.858660888248885,1,Three,79.80721984721086
10.470157914159337,14.380337259093245,0,Two,67.34172052591633
8.550965699795173,10.72233299803732,0,Three,49.28555241706436
9.414002078271889,16.979408867406367,1,Two,75.7383249280204
9.938537321279558,13.29913979259655,1,One,72.87117824148713
,14.956851940743965,0,Two,45.44019354341961
15.697892098630103,14.21484350162816,0,Three,90.17581008394588
6.4311558763315055,17.730196606124455,1,Three,63.84809552554862
11.940590995114686,12.897469675414666,1,Two,76.9777830363058
6.901211384791393,16.17163002528302,0,,55.710627873649635
1.82530803024531,11.947961179647338,1,Two,29.03167590437871
12.722744712853627,15.929886689006121,0,Two,81.34517835049864
11.803662481629512,22.336432767724077,0,Three,92.81471833612196
12.793701206232129,12.983364660107558,1,Two,81.0359513511579
9.117043517279946,15.771482972097687,0,One,68.61929382451326
10.682977227254842,14.825245832105137,1,One,80.01970473295378
4.038584956001669,13.3211544206634,1,Two,42.4195903690774
15.657806752518702,11.273326309173044,1,One,93.60999953386704
4.273650422878992,12.8347803740156,0,Two,35.57440806449253
7.222198372026046,13.131252170902588,0,Two,49.59938708137152
13.74142937971315,13.574883053655407,1,One,90.69484020730707
9.619348663098833,12.269829537493198,1,Two,64.95661401514198
15.073490885191912,13.608153735780904,1,Two,92.86322152184606
9.098609368291129,10.911698607583034,1,One,63.151205033867726
13.864617615371971,13.390977267736499,1,Two,86.87542065428377
19.591978230516823,13.740261438337347,0,Two,106.85925346188615
8.983469555974747,15.446477622892647,1,Two,69.98749573724245
11.025089202511557,14.52867557889383,0,Two,70.21133009162305
4.5776931987755045,13.831571742284718,1,Three,45.8039800512619
6.394239936133186,15.123808641647681,0,Two,50.821209132731596
9.97031910227189,14.648818863229241,0,Two,65.7565283954484
6.622314579966679,9.520061763146355,1,Two,44.61469216709881
12.012211035516485,16.137499333984575,1,Two,85.35465420641799
8.42778760081653,13.276245597583797,1,Three,61.77448261892478
12.207242156742968,12.994321804939256,1,Two,78.42023659086031
9.662364634465867,14.273502541439687,0,One,67.35315413421395
14.863218297754191,12.117287149781095,0,One,85.4315142467409
9.560875914690477,15.380299458643924,1,Two,72.42514429446588
6.909183753122832,15.961791015034198,1,Three,61.60646404757787
19.57957757603264,13.100920216446427,0,Two,105.21408590940875
8.248106993063846,11.848388628317753,0,One,54.95124392391811
12.597995040563776,13.379135417554624,1,Two,81.13778858001734
9.597472641288066,10.675049359020182,0,Two,54.19820240321857
,13.659045742819869,0,,59.42864495543757
11.20772331787205,19.36895223100026,1,Two,89.76191430534996
10.161628397022605,9.488199441559875,1,Two,60.485855506416534
6.2971221016770365,19.31141829565604,1,Two,67.48864785473063
5.080029326928646,12.715636981971523,1,Three,45.293816969439604
10.780650082360307,11.475863249137534,1,One,72.13394262024408
5.574897220953465,15.169754343047709,0,Two,47.24294955688215
12.791895560677148,15.348737696960923,1,Two,86.90768794378657
11.26801764312006,13.94899771753677,0,Three,69.551175611069
12.924496007366823,9.942004862012407,1,Two,74.0651443957995
11.48548231172234,12.331808606394572,1,Three,73.2066787459108
9.527681697202278,9.42564454651404,1,One,61.39082213838806
-3.4743056981835387,15.10840569124901,1,Two,13.004566361149969
11.20592986898317,15.178073648084048,1,One,83.25352102185458
14.19600806843917,12.388197411524827,0,Two,79.18065109157746
9.02886658644197,13.35273225005354,1,Two,64.98742470965176
8.726845066245776,18.35018634688307,0,Three,69.03958864286716
12.511145884887148,13.343881604118161,1,Three,80.3447856173969
13.894529790683917,15.333199385892545,0,Two,85.14272380129316
6.683145418825891,17.181142628971845,0,One,61.154772671655316
9.638995720326134,13.187380853106516,1,One,71.24344421087747
7.209507727627309,16.13901010669569,0,Three,56.70494563996352
2.694365385060215,12.571253709932474,1,Three,34.183609762599104
13.680918722208636,14.321918129735423,1,,88.36170273969795
10.684180752034171,17.310541301175835,0,Three,75.27620773611291
11.390888871349059,17.017314108104024,0,Three,77.73216977103279
7.64213287269629,14.817737976384898,0,One,59.601590464446225
13.770938690910882,13.176830620960583,1,Three,85.6069444225254
10.629535173474098,13.681764835518626,0,Two,66.32345428828478
8.321081477603814,13.83733460075674,0,Two,56.30683188064102
8.956779255569888,17.987510804657827,1,Two,76.18374466472719
5.769986428826592,8.644512032282003,0,One,35.819042329667546
14.644744785636238,17.79071939233403,0,One,98.55002465480001
9.858734994808225,14.099323931115789,1,Two,70.58321902429789
8.924309372086705,17.21763439560162,0,Three,67.11417476293782
15.494038642668563,9.609716135105009,1,Two,84.81910704758369
15.082927687644476,14.976966172057924,1,Two,96.30836079321246
8.670860806158469,15.435983785209777,0,Two,61.857099030098674
8.941373760270633,13.042363667906612,1,Three,63.507637221431104
7.545170399414509,13.425201222364,0,Two,51.785603769162776
14.232305500767456,15.541529577356169,1,One,97.79575036865953
17.277988071931436,15.00051598430502,0,Two,99.56371956591819
8.30912944491445,14.784295407074321,1,,65.30243554904222
15.17772834940812,9.501293720927,1,Two,83.12409675246683
11.822860822183838,14.116730413426941,1,Two,79.47807069955114
0.794641060184242,13.19433531025145,0,One,24.707024485924602
7.0655340591885825,16.98867418797394,0,Two,58.4821874973234
7.936296432415298,12.950324655820294,1,Two,59.06330874343448
9.635334144238461,11.72529844824021,1,Two,63.67505240390137
2.1155769367315154,16.753978847234112,0,Two,35.591168614528065
,13.318272721977628,1,Two,81.82251100667261
11.884363678478868,14.611668047700048,1,Two,80.9855633095864
8.284762681519846,16.65381513502652,0,,62.83042740975761
2.3944844665042453,15.404978979603571,1,Three,39.87626814609632
11.370755960751904,15.84922186187015,1,Three,81.43327986755564
10.292569072514684,13.41002647691201,1,Two,70.82488312131846
12.732254200204617,15.29406574544165,1,Two,86.50300235741254
18.64384810765943,15.90817657402932,1,Three,114.35694344421023
6.842179408149624,11.734127621716805,0,One,48.33122131060243
14.238927035873658,12.979050937766727,0,Two,80.8428219742108
7.128425159452062,14.020330627988155,1,Two,58.082368544177555
9.837186112842147,11.880553280459436,0,One,62.19258603593721
6.0537837079618395,17.23970275075083,1,Two,61.24211600035083
7.830991491027239,11.943460892921248,0,Two,49.39036411258481
8.995015191992069,14.782643649166985,1,Two,68.38936079361463
3.233478441951104,15.77704466451793,1,Two,44.89615841242606
20.7813206214108,14.566441403178642,0,Three,113.95893263092142
12.149255197028907,15.612735295754593,0,Three,77.65832427715998
10.698007368423132,11.331865547270072,0,Three,60.476651959588466
10.744650248568046,13.223542530715473,1,One,76.31610787747874
11.398804619325427,12.353204209192787,1,One,77.10063969011865
3.19064271696387,10.229545552249201,1,Two,30.913070904131732
6.030640011263156,15.150278289890512,1,Two,55.943898460466514
14.22479011231081,12.719917774264378,0,Two,80.13495566512238
11.92579417607869,13.178061213572557,1,Two,77.60859725756677
13.621130514483022,12.113974151226222,1,Two,82.60372475462505
-1.3308315989049415,18.36606357099094,1,One,34.6797590298125
18.82891608491748,8.909598598494746,0,Three,91.0983228963796
8.223116120832504,8.989684446862993,0,Three,43.50101716199786
6.180229039451622,18.963662057315233,0,Three,59.08792579381802
9.464393176568686,14.988802684045558,0,Two,64.3216450207651
11.153806582591908,14.674112413880499,1,Three,77.5344681440779
11.053325989103069,13.000296884337901,0,Three,66.22534798256288
11.695307442389943,11.615954045207443,0,Three,65.67730212008229
2.162061001896375,14.281419019943229,1,Two,36.34983469581861
10.148034013773865,12.0054659596452,1,Three,66.36807153282535
6.794884794796192,13.920749953422844,0,One,53.553615349278424
4.074388922631886,13.551343974908765,1,Two,43.15315357185408
10.365871971454542,13.989899822404706,1,One,76.5141160467563
7.233799374746243,12.498401844065812,1,Two,54.77402116417512
6.476370720199555,9.515224515031557,1,Three,43.63098129691575
10.17855862883554,16.076464725004058,0,Two,70.2438462517495
16.540394346873423,12.944038429913379,1,Two,97.82314206522082
12.565984870745986,13.433742812128424,1,Two,81.12927443181506
8.645592067146401,13.024658838942438,0,Three,55.43514860920271
15.29577123539128,14.873433352331192,1,Two,97.01020408368578
9.395973993273191,11.704322913007926,1,Three,62.23023239996948
11.377300360910322,13.801033903304393,1,Two,76.68533356407073
6.951233885947016,14.51118300925512,1,Three,58.190028734635966
6.289624859725475,10.584449057500496,1,One,49.67867865719589
11.050650215255164,12.330985803319663,1,Two,71.55897920282582
10.75321205762125,16.625127800900053,0,Three,73.88349660350342
3.088963684860544,18.17644478745597,1,One,54.126770900445564
10.505491796288002,15.665904440754097,0,Two,70.69663617689719
17.976646288720257,18.756297951370065,0,One,115.96590911819615
11.00130359440887,15.117838202775694,1,One,82.1816127089194
7.115902760481372,10.382945544246756,0,Two,42.28857732754964
9.50567278328978,13.742889287888538,0,Two,61.41056966216394
7.205104119513928,14.66535564791608,1,Two,60.031343298512994
9.380195796063385,11.81363426715883,0,Three,55.73535351484123
15.958171718736107,12.086600668405321,0,One,90.28978002269918
6.461591474435981,10.453777098463942,1,One,50.128842045958756
4.743555606673288,13.143748383120972,1,Two,45.155631962097516
13.83917224818693,12.771095948891663,0,Two,78.5243391475325
15.42707976194745,15.123146574548558,0,Two,91.5272029192733
10.172376311449975,12.215973582891376,1,Two,67.31502752207504
17.398781725075626,12.107909864624595,0,One,96.83504259561386
6.474535138662693,12.748019483829767,1,Two,51.9728031414637
5.828735333226862,15.525396023041427,1,Two,55.966461759480346
13.705247695784857,14.418934844141496,0,Two,82.01700974237683
7.545630940286807,12.103474492351658,1,Three,54.88364249882689
9.312432198194813,15.281071141259964,0,One,68.28076584299626
10.455421663698532,16.561783382604048,1,One,83.31090351759568
7.87302511776568,14.211096637064335,1,Three,61.598239491348586
16.35474492893546,5.207506507377747,1,Two,77.75492130028158
4.685090751275643,14.949845843466127,1,Two,49.38177238862849
6.155155556928823,16.48209288943267,1,One,63.733112681586995
3.5611072296928388,13.759633656209862,1,Two,41.35775355434194
8.866726445630716,12.170049789390694,0,Three,54.307320868316715
12.299825496419091,14.773869734596346,1,Two,83.26109773046363
8.594753666652295,11.07260779206033,1,Two,57.36307774095952
14.800478132180483,13.14836388983741,1,Three,90.17593167641459
16.410584219695405,12.831657566821205,1,Two,96.95877848624136
9.95676439410907,11.035813086510162,1,Two,63.409687276147515
18.279069761721985,11.908072750565308,1,Two,103.08348709955295
14.620669151505837,14.867241837475792,0,Two,87.25687990936899
16.876805333234664,13.840360977215967,0,Three,94.55783890427718
11.402400341123982,15.730549980017084,0,Two,74.89936510568228
6.551821346590996,15.24263411706078,0,Two,51.826747624031185
15.740325040387928,14.23948820035494,1,Three,97.12380159613001
11.747511372444453,15.165379697526578,0,Three,74.73577256565613
10.61258207831894,16.32262504462006,1,One,83.42466408421302
11.088205243762161,15.427966984210292,1,Three,79.11276852776493
10.425982717836039,7.681122060679163,1,Three,56.87117435467061
13.1295641518084,12.218165175492697,1,One,84.56484555146223
14.057136455579535,15.772128840920171,1,One,97.57955536731214
7.374766236602531,11.608725241357885,1,Two,53.19773696737131
11.362024978448973,14.281191081093562,1,,77.81007384861465
7.7108663408517994,12.217210070447848,1,Two,56.22499398159933
5.448252611650199,15.132303729980311,0,Two,46.579114341478515
15.561583719642645,16.82163340525059,0,Two,96.35548195005647
3.6301646415011195,13.50339642435814,0,Two,34.33651185258992
10.774945325123548,10.715565449535973,1,One,70.21827560086426
6.852741460269134,11.451585615479617,0,Three,43.44507456400043
17.10706265812079,16.179443516981177,0,Three,101.41004349046806
9.845232832655254,13.739340222197379,0,Three,62.6180459822208
8.61821053535015,10.443911448701076,0,Two,49.210467870754826
5.616473654487681,9.80763172480044,1,Three,40.48261550010627
11.149092172545952,13.27888816224758,1,Two,74.35892795562673
3.5021338053935738,14.625035141019634,0,Two,36.5477082242353
10.869483021991291,14.264345221191506,1,,75.54849533468006
9.663856236185696,11.964534760544192,1,One,68.31571512720727
12.485103487119023,13.787276573501785,1,Two,81.64359086546219
20.636887937869922,10.424891885354004,1,Two,110.02238448093243
8.49275893545478,12.886138411912787,0,One,58.63345039381899
15.864862265793985,16.194276062022375,1,Two,102.85825244374738
7.514672826266109,14.048286894640848,1,Three,59.57856489043133
10.59650482106101,10.41925085543782,1,Two,64.76010060963385
14.955742868748981,11.077841253821768,1,Two,86.04269263041519
12.984892284291856,14.131269711970637,0,Three,77.74158318050192
11.928839658674173,14.946508320884629,1,Three,81.70437826849506
4.8949179257414155,16.94090299007639,0,One,52.49870771782928
6.42454634675671,17.717466863274858,0,One,61.32256462811369
9.665884104059554,11.773584118532149,0,One,61.154686498978336
10.19481489225953,14.177945536779642,1,Two,72.2932443272258
14.210929270984849,10.598495023201153,0,One,78.7164584091711
7.43882766292419,17.82336011777578,1,Three,68.62088340021425
5.950666813440917,17.220278110116986,1,Three,60.41514876343406
11.709986921838514,14.21206665930873,1,Two,79.20637817201738
8.509992816022542,13.065378382860004,1,One,65.85217400401719
10.119141505423238,17.222341344533728,0,Three,72.51053807056805
13.204890355933255,12.195652257490625,1,Two,80.93092209175813
4.299364522504078,12.742987786368586,1,Two,42.15761272491298
12.44614109395433,14.909635036822921,0,Two,77.56247466809646
9.93126813379767,13.790040490659765,1,Two,70.14127816899004
9.090484243053682,11.320896414578893,1,Two,60.21434949779391
18.345932230608803,11.797389652704602,0,Three,96.10020205694708
9.06782325766912,12.922370889733074,1,Three,63.779218383523705
1.8655699435193327,18.078368878132256,1,Two,44.45216567835865
17.187803559261983,15.209084431999932,1,One,110.28868131230475
4.202436500360955,11.485981660845827,1,One,42.51354036172897
9.50878796689063,13.036376427899896,1,Two,66.36385007482572
10.907728473618667,13.57955448386139,0,Two,67.32309194301398
7.484782975455267,15.234400838966238,1,Two,62.70629124659382
9.444157665921297,13.570169163506828,1,Three,67.0855222511289
3.480710474055642,10.86632476181699,1,Two,33.803211827120556
9.857061681887501,12.413202146715692,1,Two,66.38429534669042
7.781899947832769,14.469201343585498,1,Three,61.82917225986364
10.110415138986552,15.503334757755836,1,Two,75.20755527268079
10.099153815888197,16.474874987377422,1,Two,77.57187157900313
13.356055769422682,13.755806952398633,0,Two,78.7949203590243
4.497206494094587,12.915365833904083,1,Two,43.47771220226545
10.299322572977708,5.727662295905576,0,Three,44.748929573451186
9.587936938966033,13.536045043676685,1,One,71.88005514799057
7.686910377431564,12.295506639094565,0,Three,49.30219216807275
9.66857707238946,13.496259292304867,0,One,65.44907025693837
7.685641918571611,14.203142132715936,0,One,58.2698994469725
13.68685021723823,15.093783506219314,0,Two,83.61164643813973
6.591831825670219,11.295300901710625,0,Two,42.19472951045827
12.321920482897813,14.084505692189644,1,Two,81.6470418091777
14.598767428119537,12.96845422219395,0,Two,82.43814694178106
9.981380929952746,17.817572350315828,1,One,84.29623472986366
13.079358007075955,17.043057552872316,0,One,89.6368632040311
5.863537165710592,14.118146293205124,1,Two,52.62514160692416
14.79112405638736,16.03399755716077,0,Three,90.6114207392524
15.09036024983834,13.402168269058386,1,Two,92.42720419867501
11.036098312098753,14.11936132018281,0,Three,68.92949367967616
6.352361372960846,13.911989259312106,1,Three,54.001650377694354
7.94511222268603,16.29994093535852,1,One,71.34698405180546
3.0130258026309784,10.11596182775637,1,Two,29.830269880925236
12.807369557472759,14.690402951481145,0,Three,78.33145489220774
6.280796554766116,16.106861828503927,0,One,56.67107574176422
7.689178260273915,13.85678808157407,1,Three,59.88896563401578
10.97711154073719,10.520919689725815,1,Two,66.72808278041478
,10.294718666629883,0,One,58.297065639875804
16.968790940688617,18.61134729523991,0,Three,106.83216135476049
9.627991912719667,10.443237810491242,1,One,64.37242895999273
10.960162746365468,14.336197310536772,0,Two,69.440265879673
12.219194843783834,15.825578798420493,0,One,82.73400473652337
8.270271515334962,18.74317430068357,1,Three,74.65437632127417
9.171167788961164,16.218728813693428,0,Three,65.74358153717516
9.30361166227062,11.176573335324267,1,Two,60.816075152328665
9.86932161417061,11.926055562496902,0,One,62.45051889628868
20.544795338291234,13.076504257783421,1,Two,116.1987687822917
4.165865209030621,18.14376027900552,1,Two,54.98128912193323
6.163263665449794,8.7557339448244,1,Three,40.33197341433563
9.741751394188665,11.482630428369568,1,,63.551408044893115
8.348070693937341,13.050032617106014,1,Two,61.16687703613609
11.95943496984606,15.304841547494505,1,Two,83.04698099599844
17.79824075376631,15.031415537076702,0,Two,101.98511482816362
13.85140522637124,13.617046921620055,1,Three,87.06387228304979
6.623288802580381,15.374426619152457,1,Two,59.17193621461452
12.056372885906535,15.302923101864854,1,Two,83.47907512657868
10.07344239983077,13.310951087348412,1,Two,69.59107810261423
14.287135286121867,13.071144820635384,1,Three,87.67053483150411
18.964547318151695,10.720311048217509,1,One,107.1375534727298
11.759949424458272,11.938836267247895,0,One,71.00264360972183
14.942904642532792,17.227744465316206,1,Two,101.27234207450572
14.160851191383259,17.976876904918914,1,,103.52754938407877
13.800694602555087,14.461736720310194,0,Two,82.55355078712698
9.461883273183034,12.66107410631615,1,Three,64.90556505501995
12.730613816038062,12.992011495114625,1,Two,80.77313442805314
10.89337824646932,16.16224185012575,0,Two,73.67849747171657
9.370639861775832,13.547578656045147,1,Two,67.01202100933469
11.960589155798283,10.989377880706218,1,One,76.24217643902728
10.669590394078126,16.57015967806139,0,One,77.6014040227517
22.811031972291087,13.697984294339768,1,Two,127.95673478411612
5.537299039272409,13.06645783783157,1,Two,48.54060771460015
6.252701482729016,15.271620964364466,1,Three,56.93230997480306
12.028875260100746,13.51792193028866,0,Two,72.2224753119115
13.646954901740427,13.337314680482871,1,Two,85.76110086651487
4.295212621918551,13.699264550112204,1,Three,44.20205458770357
5.696973331644943,14.455746643448917,0,Three,45.70423991033352
7.801818320534687,18.29864157501518,1,Two,71.75217933875051
11.002455991121561,13.602746214083398,1,Three,74.18917194939257
12.914566429527753,11.854799144730366,0,Three,71.76577169731277
8.220465322263196,15.32307881966453,1,Two,66.24217398767118
12.839374918861484,12.478715332842357,0,One,77.20924980618497
13.398777607867398,13.716631880889617,1,Three,85.27159799164185
12.888772007304375,14.398273277334292,0,Three,77.97212575978217
5.311541338395291,14.412661123609512,1,Two,50.86961098452151
7.844191438061823,11.074623250586894,0,Two,47.29008384083933
10.695160034039642,13.840747839416377,1,Three,73.39593112737003
8.112818191675332,12.68466642070798,0,Two,52.50294991999019
9.955323382580861,12.331758869509937,1,Two,66.62467145699603
16.21580585590235,11.254102275040879,0,Three,85.15000651258094
6.165158105437214,18.173190058474,0,Three,57.0550415066391
13.15979664497884,11.794529496845676,1,Two,79.73058556821798
14.801671099228626,15.096096982046738,0,One,92.558906825907
4.841600872019634,17.045838778068813,1,Two,55.297350646225354
1.9784935804492747,11.719959078639553,1,Two,29.155255553627434
8.026745058236259,13.877769242333285,1,One,65.69380801449938
10.049063772215373,11.231241475864564,1,Two,64.31144448418856
11.631307927555612,16.47474322102894,1,Two,84.47639107211438
10.348404260310344,14.234756515124952,1,Two,73.12663575790356
12.330347804956624,13.072488207405806,1,Three,78.85536300492694
12.393677524647302,18.067555390107486,1,One,95.78896659537716
5.806612144886955,14.616641814905432,1,Two,53.60776819330576
9.225539124180946,12.93208441025085,1,Two,64.82810279587771
7.827561768741198,11.472482335783605,0,One,52.12157089758174
5.628406192832041,9.098598375338522,1,Three,38.77386700580446
14.498866396065257,13.19522441123293,0,One,86.46906610550835
9.46233274343835,12.87742494732851,1,Two,65.75937012787507
7.9266204121970265,13.59222887580556,1,One,64.5327837598355
7.367577651321,15.55290664852468,0,Two,56.274336337080776
5.506465367969488,16.349681552886565,1,One,60.48055822061055
6.086192508757705,15.074972503716094,0,Two,49.3115568047255
8.673326703782676,14.750194108324889,1,One,70.77639497025781
13.220643857390817,16.051387813953596,1,Two,90.58655305453006
16.370505381935537,14.962920174170945,1,Two,102.07607743663118
5.225675610002803,11.45789476602176,1,Three,42.823679060496694
10.429785383667946,11.436906735510915,1,Two,66.53846004791713
8.784405116727239,14.56274081513445,0,Two,60.1980825542403
4.796544866101899,14.322381008366742,1,Two,48.32429455095442
10.174127015599831,12.881347196519364,0,Two,62.28141139576869
9.113204875274123,14.901982268743515,0,Two,62.52315107379078
11.05157207052228,14.149375702714531,0,Two,69.38781010908718
12.363419438088552,13.418193883982777,1,Three,79.86376402566918
9.609452381983164,14.125544524668252,1,One,73.44240242759666
5.27580701600278,13.04072764362558,1,Two,47.29820027099534
9.595614285946818,16.905483993417686,1,Three,76.059048178116
10.049350488402439,12.814674928356759,1,Two,68.24885534409839
18.521043404175966,9.901493245216791,1,Two,99.18599153963845
12.910738031918736,11.909004464338528,1,One,82.8101622846028
11.620699565736924,12.777193207707818,1,Two,75.23716694163885
9.818646649691262,11.669292858012192,1,Two,64.36195408598022
15.65646251812148,13.50959797862133,1,Two,95.2454660673629
8.848158716423464,14.31463002301418,1,Two,66.56413929819105
8.73570182256017,15.244814733480888,1,Two,68.36960284797823
5.75795989384171,12.57828073344539,1,Three,48.007555259638764
7.9060696529397845,13.010569911498418,0,Two,52.38134636479742
9.609909470476023,13.260965502096274,1,One,71.29528097631177
14.033909488019283,12.681605248145349,0,Two,79.17949013794845
12.509313589622435,12.658769419121231,0,One,76.16936722464165
6.714126256094179,11.224177383021107,1,Two,49.26456512514852
8.491502803209706,16.169133107055238,0,Two,62.871271197033636
-0.2819742873005513,16.320815207664257,1,One,34.32246364156043
10.905079072098355,16.09667728843231,1,Two,80.26374748951949
8.83856762149454,13.236661584564681,1,One,67.75871601471088
9.804675407601733,17.995559955204467,1,Two,80.02490500935762
7.457443007464342,11.849334968507089,1,Two,54.16844101029103
8.735402174141708,12.790173891647479,1,One,66.18390312016052
7.610541178532903,14.708708072225997,1,Three,61.65229103900315
9.492169378987853,11.501115227277742,0,Three,55.46311293418641
9.294127906534225,13.565831993257339,0,,59.70311272789463
10.471446036516792,14.838666674920805,0,Two,68.48684662350271
10.925838027268934,16.905495695019997,1,Three,82.05389945289961
10.479500253560797,15.049821738934355,0,Three,68.73406403802791
6.149812108049953,13.906170574655418,1,Two,53.38834408252397
13.019158942112718,15.230285348512385,1,Two,87.6374288940127
10.90104724276414,11.579518891280607,1,Two,69.01676853692832
17.135362074045197,15.93085541565488,1,Two,107.92910679630653
6.536828881290493,16.225202373587774,0,Three,53.88769082805514
12.659969911091121,12.699667280480837,0,Two,73.03255581399083
10.635459983726488,15.099024067734359,1,One,80.48612361389226
12.214026608002555,14.992906600091258,1,One,87.33634640235866
12.172322575723868,13.802793064163055,0,Two,73.5770750907462
14.677221457382402,13.031890537253755,1,Two,89.64490074478934
12.139037193208617,11.920765537041076,1,One,79.361630295292
5.5866843797273225,12.305820963887717,1,Three,46.558396496090964
3.2144411223536222,14.179365248636302,1,Three,40.524860939200856
6.032002626401553,14.203310898567592,1,Three,53.28208399572379
11.111485683998264,14.157073576399311,0,Two,69.67695388631799
11.615800032608774,10.544310895180947,1,Three,69.35058787044173
7.834022663294421,13.411247277076475,0,Two,53.05266627926072
8.012855803426591,15.063960022878511,1,Two,64.66243457601817
5.196848811220688,11.151871441701733,1,Two,42.247022657514606
13.72965239029024,9.672207633305907,0,Two,70.32751855850408
9.678978138460566,15.411404097972815,1,Two,73.03470726373438
12.019191470485168,12.533894913029112,0,Three,69.418755538612
8.512056414472719,10.703027652681183,0,One,53.29361282540783
10.398321708503195,9.918083615427259,1,Two,62.62115543858265
2.7932666861346718,12.413165301686908,1,One,38.4677423976762
10.132158207538275,13.795776902408988,1,Two,71.06087443729261
9.89623757339828,13.919940367575242,0,Two,63.61081527283146
10.181959972171036,10.015205146308237,0,One,59.10944741972916
14.54383415165228,13.881459766703331,1,Three,90.84167191830194
17.790317087515284,13.886987737318501,1,Three,105.48610096855977
6.011792070664159,10.665508981046312,0,Three,37.70119020812183
12.588323803731258,9.801817795843423,0,Two,65.50616293810609
8.667656584351912,15.018026857858827,1,One,71.41662386529991
6.727032588590282,18.291977205430015,1,Two,66.89195460029553
4.239533799929951,10.47430407885529,1,One,40.165883229770564
14.045207539776762,6.660111757127769,0,Three,63.948130352062755
11.413338101224838,16.716953075324035,0,Three,77.08669885313864
16.65772860991131,14.421524648545452,0,Three,95.01520577842807
10.588101552602591,14.598436396005772,0,Three,68.10143023398419
13.065763803464225,14.265786496397647,1,Two,85.44989627487017
21.363312139368855,14.998339001924183,1,One,128.58226725322172
18.9904587684885,10.656017615925817,1,Two,103.17707762449344
5.243128823267783,14.249985530758385,1,Two,50.15692026973578
4.349906078828891,13.57187463251119,0,Two,37.7503420131453
17.271976543602467,15.857325075507559,1,Two,108.36199460728204
,15.379883139005253,0,Three,77.45742875219379
5.91766754267597,13.999206378438268,1,One,56.4908523602987
15.800854225973914,14.661985003152594,1,Two,98.76080375182308
20.831884306992322,13.719640783552556,1,Two,119.0912885135379
13.836714342075354,14.640827880965794,0,Three,82.84709352629152
12.458444126540737,20.787404359174005,0,Three,91.91498070832439
12.935556992637647,15.062529316763364,0,Three,79.83418423089795
13.964755511927478,13.921627168588953,1,One,92.56322864758609
6.777730176535365,16.879865614465587,0,Two,56.91468504131755
10.852755274566638,11.221702338781805,1,Two,67.90966977643816
8.76356512126387,13.768464657453762,0,Three,57.81577098956287
10.878922800131287,13.532466913118189,0,Three,66.7622528002314
7.655017220673268,12.097692595038,1,Three,55.36223294713755
14.261730537081243,11.310974579014534,1,Three,83.18059184013752
5.9162343652477585,12.235024791198102,0,Two,41.48604120678671
6.012004818738345,14.296328847585576,1,Two,53.737158364610316
9.4970404143728,16.74375478505149,0,Three,68.51728404408986
15.670936011667289,13.39625843039315,0,Two,88.33345186182113
6.159526829230369,11.185648725991422,1,Two,46.669417372419765
12.025562654796824,13.753334888750922,0,Three,72.47876727658156
6.50630646973018,18.185334259521916,1,Two,65.63212994783893
-0.247093737031026,6.27262232592504,1,Two,5.584305702750431
10.512899492667898,15.710615304003735,1,Two,77.53666269714071
9.587133477548734,16.86576886872515,1,Two,76.23607582700345
9.728948713227766,13.804208574508818,0,Two,62.56921924124218
8.25797211055714,13.827154620729575,1,Two,62.69261595439997
17.44977089869515,14.761117275282654,1,Two,106.43828034339782
13.370067775944172,15.850361476195944,1,Two,90.76023712377729
6.3610235488093,13.5028304147017,0,Two,46.642067257555894
7.958446490911585,19.82826443992442,0,Two,69.56489980756041
14.297585996894423,14.34046431049544,0,Three,84.17742262402356
12.142857780599606,15.634301166475751,1,Three,84.37860219098228
8.645786679478018,18.15966694610212,0,Two,68.51466505874531
9.164030119330048,15.527519455892905,1,Three,70.6886978026467
16.30065140525367,12.711771391369862,1,Three,95.8513658974687
10.679112681935509,17.295105546340608,1,Three,81.91049741304462
13.82415438074209,12.191052516230176,1,One,87.62770762077255
14.176329250334046,11.035090628883713,1,Two,82.42389615835626
15.214926054260783,13.110527375659597,0,Two,85.56811125011927
12.256773029665734,11.570165617666799,1,Three,74.7892966013852
7.537813510279378,16.68420840306007,1,Three,66.23525806873096
13.014700485433654,13.951726725322446,1,,84.43907923058167
9.562440051875269,12.70574447385754,1,Three,65.46977910566993
12.59719993322759,10.18635888721818,1,Two,73.19756138215423
6.175335694157146,18.461877544937504,1,Two,64.82800289238624
2.5326079585751105,14.319079437313317,0,Three,31.103896526628283
10.192555854526729,12.64987011446586,1,Two,68.48455463561363
10.311286315309554,10.208148270457258,1,One,66.86739341482131
13.83762800895427,12.570863010424437,1,Two,84.7151382587175
7.260210221472122,11.778670516010926,1,Two,53.10392783551407
14.680453833298179,14.845469843961059,1,Two,94.16768604537064
,18.61914510399353,1,Three,79.61642030869831
9.54688012970223,16.45008611840431,1,Three,74.70738776559091
6.501382257763007,11.369657686810577,0,Two,41.97194407748672
9.666260335362619,12.929476545583322,1,Two,66.80778622908255
11.466699683666283,15.422338761004015,1,Three,80.80451107022749
12.493469719022183,16.116833411058497,1,Three,87.15816411408304
12.243641580589067,12.819540804808607,1,Two,78.14980241362281
13.70958175873269,17.200799530096273,1,Three,95.3332640037243
2.108626715529124,15.519484106102968,1,Two,39.186624019901195
7.611357814892942,15.493738808622524,1,One,67.83881007805547
1.3432170956929337,14.455263191889138,0,One,30.313682385658584
10.694642299010123,14.004438977547546,1,Two,74.11447521687842
15.5962418225071,13.893859706681646,0,Three,88.91980466467669
13.121931323947141,15.362724066524,1,Two,88.42980350800089
16.84658078459126,16.769909274038728,0,Two,102.01790788327376
14.054466010970575,11.282869846998258,1,,82.49063668562317
4.866681740853385,9.859220902184475,1,Two,37.545795909400766
10.47233951092071,14.250477014694816,0,Two,67.02874394436945
9.16987918674623,15.573133933473192,0,Two,64.44691828064742
7.60002508378553,15.570376632376291,1,Two,64.06081728126311
6.789113422924858,9.570196444828452,0,One,42.71294544905623
13.627179077853162,17.13876081107923,1,One,99.03908874645266
16.73978602197671,14.670421914885686,1,Two,103.01319168628953
13.985615529615695,12.889083391424348,1,Two,86.17309902482033
9.59363636159632,11.960994884998161,1,Two,64.0730332109225
8.773490285879983,14.161932852962789,1,Two,65.84805999483267
8.858682424043241,15.304679176527912,1,Two,69.07264232662372
14.610673221423127,16.333219829681177,1,One,101.46890610187916
7.232150337230022,13.254048675490338,1,Two,56.644985938769324
8.358481651170896,15.526976871184859,1,One,71.28844210026018
11.083658541270847,16.461308128966454,1,Two,81.97494245823222
11.14960124875192,14.470266462212992,1,Two,77.32276529354561
6.892956771978994,18.470282106627185,0,Two,61.3874455884398
,16.79927579348241,0,Two,84.01144480662347
11.01888879310791,14.485740175712872,0,Three,69.76268595179683
14.49183521370588,12.070531998843151,1,Three,86.10570514263604
6.8293494816767755,14.629096474430519,1,Two,58.24782380584899
10.2922765162795,14.684718658601588,1,Two,73.99221049304455
4.702040115790417,12.949850295274091,0,Two,37.79104286117035
6.636602557467691,10.633401046247297,0,Three,40.437163691109035
15.392940320674958,15.587332357815885,0,Two,92.52722803481383
5.65372311661882,11.37837203554877,0,Two,38.17352276929912
1.7885959070296895,11.872160664478951,1,Three,28.363830344630745
16.966697558655902,16.53916880030138,1,One,112.5985794528764
13.93669126974714,13.202926902442604,1,Three,86.41879992823922
6.029070619426704,14.098427968659648,0,Two,46.62662310385737
17.51602509706021,15.481873123343757,1,Two,108.52852722798573
9.185686620609367,15.23877520893859,1,Two,70.38250334842579
8.569687425607096,15.21459119581076,0,Two,60.850807869183505
12.296581655110982,16.921651857805408,0,,81.88996271767843
7.5461134940125,12.404123079090413,1,Three,55.63317321637291
5.977051847570043,12.470282538031691,0,Two,42.34492957066401
15.592854615566631,12.703429309519372,0,Two,86.25932481767971
12.128277827329182,13.112697196074526,0,Two,71.6631328751306
10.462106479428183,9.998948679780515,1,,67.02705266736533
19.279176185194466,15.734202901322828,1,Two,117.10163599836896
12.356981813846184,11.42765381767524,0,Two,68.50511446326469
20.722346979389602,17.456144919636564,0,Two,121.19039351558254
14.740767029731447,12.25181136057497,0,Two,81.29664636175045
15.056925667362723,13.19928160092539,1,Two,91.77218878318295
8.057443418784855,18.526105729953482,1,One,77.38704721845451
13.137990200799724,13.986951569849369,1,Two,85.08226234713598
8.357389264425429,14.240187380141379,1,Two,64.16737399511833
4.879865485103637,14.979450377339008,0,Two,43.63764080721431
5.665627500301461,13.861918105006621,1,One,55.01372899610379
12.297563894687144,16.313111790194476,1,Two,87.07717274342897
11.542240981492952,17.52966447123354,1,Two,86.69733604648687
14.486939826033518,15.00211634227269,1,Two,93.68498443174747
13.889448357893894,18.932553007874475,0,Two,94.0671420589989
6.9729696803540975,13.495144332339118,1,Two,56.076274008603036
18.995320689787853,15.800269870151643,1,Two,115.98663526739413
9.781804262228494,11.119132532096565,0,One,60.05025144771203
13.393543999182699,11.247297673531229,1,Three,79.10971012440538
4.612909548976189,14.06221475484752,1,Two,46.8499941421947
,16.00749609764268,1,One,97.47848330604171
14.921193980433939,13.854886444292417,1,Two,92.79020744519808
7.681567738672927,11.273099431821421,1,Two,53.746074043523535
11.551601342218548,17.963962464131953,0,Three,80.80963128353281
11.436936763853435,17.243247865696404,0,One,82.73271892625132
15.618264341582169,13.480301867228679,1,Three,94.68652464983428
8.776944991336105,9.22720857775817,1,One,57.51425723339122
9.446635597198618,12.611965724719875,0,Two,58.33324710882597
10.872750523368643,13.709303681117538,0,Two,67.487991551081
1.3230490030426374,15.467148124686407,1,Two,35.5162208759008
6.039760003577907,14.506432929865959,1,One,58.30194766086793
12.989361918946445,20.815543082200143,1,One,105.30447622410887
,16.00831413577683,1,Two,66.72456612449139
4.6439124084973615,12.801553819805362,1,Three,43.541973856545226
11.538894586954344,14.536130708278431,1,Three,78.92691947531458
8.399630585938674,16.48680535579586,0,Two,63.24691104546517
7.6525629922358425,11.622484339813745,1,Two,54.48386585759303
5.627845989099901,14.986443091769303,1,Three,53.407420623146066
8.911102935867607,14.630027209968583,1,,67.63182369836773
1.831492745567294,14.432704895073913,0,Three,28.22668338774591
12.701567279607115,15.910216481639237,1,Three,87.58237123797592
14.066449112203488,15.652107602704099,0,One,90.62767376613874
12.762063438116861,12.396324254471839,0,Three,72.42462751351779
14.046850418487255,16.573043272970768,1,Two,95.60669550740947
8.588284683076147,14.690275482076416,0,Two,59.63126819360791
9.55261806267608,13.721204069106332,1,Three,67.94975726291005
1.1188370938916385,17.43840361246516,0,One,36.71801329296424
5.4475117010112815,14.972782174613117,1,Two,52.874734621716385
10.217528606145846,13.428476418244115,1,Two,70.53256682742975
9.097099264649522,14.312717034483308,0,One,64.90319385290536
8.815678093032979,17.0451322636467,0,Two,66.5097779916763
6.543805800640278,10.563743198299576,1,Three,46.54130694335723
7.4844248193167076,11.722826682410755,0,Two,47.28006211559383
6.2659434812458485,17.502930552440716,1,Two,62.85257592733885
11.317682604241533,15.468041303789908,1,Three,80.24655463542173
6.762915238474882,15.96261520185948,1,One,65.1807347013034
12.467276492341941,15.215597025928895,1,One,89.03121581461924
9.729350155242496,14.01556848342554,0,One,67.01385717200003
9.583061606747927,12.417953962339768,1,Three,64.8473194977411
10.756549446192237,12.064989162677774,0,Three,62.56288714471174
7.584733462881934,13.192163926133023,1,Two,58.08011267530865
7.557614278760445,14.623355389665226,1,One,65.43299798878547
13.880646148038718,15.37481305529899,0,Two,85.18359918429263
9.15793050688207,13.178212350640063,1,Three,64.82127205539439
11.39756826563499,17.046863035766215,1,Three,84.53122437576094
7.040578380909676,13.05270975454443,1,Two,55.28115177895019
13.946584444227438,11.674975655436949,0,Two,76.28365627298876
1.7631002793294943,13.859676549506265,1,Two,33.50349482124847
13.50525283619664,12.743511211582373,0,Two,76.95091843415295
6.871182061464289,13.444034245136812,1,Three,55.17653324058763
13.335637243483127,13.561881433317058,1,Two,84.91633916294664
9.381913916829712,13.117126291143475,0,Two,59.29730511080852
7.648794787537802,11.912812265966654,1,One,59.106012433757414
5.043011309751706,13.707447384694012,1,Three,47.592445314148165
7.859862289667873,13.17385289760297,0,Two,52.57899791022887
15.174928416287926,15.00518840102459,0,Three,89.78365711366651
5.4414927641393716,15.896085633782686,0,One,52.36469653557652
9.532409664394729,13.399334301170294,1,One,71.28997715645194
10.924648775404846,14.672634459994605,1,Two,76.8120373176883
15.372960663441134,14.37149245870599,0,Two,89.41483710137018
6.773191058419404,11.060042547921764,0,Three,42.113267909258624
12.812383473949698,9.35426900020543,1,Two,72.09889385201825
12.065611763596927,13.599038666711719,1,One,83.2026016701306
,13.961303390802717,1,One,83.08583002175833
8.70105941707038,16.083362539393736,1,Two,70.29795510288021
8.8400028713973,14.411542051196506,1,Two,66.76828908225599
13.747471439191875,16.070625019905737,1,Three,92.69461668644354
,11.903508708554668,1,Three,99.229079016937
6.8619564950823335,9.171102172193214,1,Two,44.82722075639734
6.240047517899409,9.681187007454845,0,Two,36.59698429799423
4.18898112194967,16.457512401879868,0,Two,44.19826782385022
4.0660434652691695,12.043905719894555,1,Two,39.36833478671869
8.85509283665352,12.903315949952624,1,One,67.00455423537635
9.876696988504282,12.518184788265952,0,Two,60.038251544879294
8.710326583762292,14.205373346181307,1,Three,65.35741783051789
6.843065459288509,15.033691854968279,1,One,63.23281254088491
14.81516046526674,13.040251978930295,0,Two,83.5918254030316
10.102329275690604,12.269099823765526,1,One,71.04884120628073
4.9896726821052235,13.282114176807793,0,Two,39.913241265806185
8.39917607306007,11.516299785748487,0,Two,50.88911763502794
16.306115601904633,15.197368450321399,1,Three,102.05471933912568
9.161405997491752,12.387237359334277,0,Three,56.175219269323684
8.920114423718704,16.472186364403033,1,Two,72.25169744460428
9.912636423968273,13.75659321480941,1,Three,69.66019650133829
18.16075454922437,16.518932830019892,1,Three,113.69804654723275
2.3860867795577487,12.236984256609857,1,Three,31.963381885458727
10.129583630000958,14.478322875093717,1,One,76.66338078541959
8.232048761906874,14.338788976765732,1,Three,63.5336443480263
9.45608815370685,15.962693369913325,1,Two,73.40062703437333
3.272480138817418,12.47512325680872,1,One,40.78139452918132
17.339936110639712,16.19047334611768,1,Three,109.18243533074778
9.280586810869634,12.111086151363244,0,Three,56.025862600517584
7.701117313215468,12.369900012582072,1,Two,56.5606173240644
12.359146366265122,15.749892175007867,1,Three,85.64067174297568
8.279473753968086,12.943231844518143,1,One,64.50967718512841
11.806094714881432,13.908109513630919,0,One,76.10584735621455
5.779925749325748,15.37261762377231,0,One,52.58864440857435
12.808259324702412,13.550111675274492,1,Two,82.5103861994043
7.47410311981326,15.145117853195494,1,Three,62.122248511412316
13.504576194422066,12.413374289963798,1,Two,82.82271053275367
13.111570293820481,13.113737522326005,1,Two,82.79255124989186
9.143873511380177,11.916877677869714,1,Two,61.93645271386835
11.16176234880303,12.043012084703129,1,Two,71.34387145864669
9.803646922794924,16.464390702198006,1,Two,76.21407027760651
4.885788875578759,13.090306927536018,0,Two,38.96827883566896
9.875008659825479,14.469320119847836,1,Three,71.2623276848748
3.4910117835984504,12.314705870631965,1,Three,37.136068069837435
6.0500976212342765,14.012387100605771,0,Three,46.193530644430886
4.102791241476323,12.106321046468523,1,Three,39.375124263840206
15.288337046332078,16.53576161640506,0,Two,94.41343744469397
2.566713267466236,15.50289935055146,1,Two,41.20982263540209
13.80846862460589,10.065154154252063,0,One,75.5769329847758
13.175119190036394,13.46853735553155,1,Three,83.64693645115746
12.12538330955599,12.67249651867558,1,Two,77.25133196930865
12.290044430814929,12.521793723820457,1,Three,77.30480747751095
7.394244386285838,13.804284558330584,1,One,62.66069427948431
10.485044707762556,11.25858987016678,1,Two,66.34423090766535
3.0656620562913073,12.615286572662965,1,One,40.197762309494806
10.479886337519725,10.709866970532662,0,Two,58.26146181944887
8.449849455955608,13.992309180400394,0,Two,57.27237887846622
8.306382712220206,15.306825321299225,1,Two,66.58896846421335
13.756859421029151,15.863702873430356,0,One,89.75845469270376
15.879719695834513,13.612163070144708,1,Two,96.50656047632744
15.732174691686229,10.197344942634935,1,Three,87.0390606047406
13.708085944036338,13.827121442765037,0,One,84.47609116101107
3.7877075157819062,13.050867180965744,1,One,44.53452358927599
8.143515854596643,12.401086882818914,0,Three,51.622395419563546
12.89610659807304,14.769654604274862,0,Three,78.92836438504068
2.4327978222025273,14.961329406164632,1,Three,38.94610247384578
12.103072835761125,14.490923097659469,1,Two,81.67105458475521
10.844194293515551,13.881734158725651,1,Two,74.48342909081259
11.467938265963546,16.03812897950271,1,One,86.57223146006709
13.956459717635607,14.328239242223564,0,One,86.84110401873464
9.222234498766925,11.516481296049431,1,Two,61.29428610485492
14.292440911876518,13.369019837530896,1,One,92.66630627335587
13.500577257609454,14.694012941381521,1,Two,88.4739289817224
13.729014327360819,13.150752995006933,1,Three,85.35318286542916
7.491938056208571,13.494788883544773,1,Two,58.41418730796103
8.487200453772433,9.070577863502434,1,Two,51.9017044236301
9.84732913472058,14.308877076981009,1,Two,71.052726906018
10.754075738774603,12.680399207896834,1,Two,71.09100489269264
16.883728859429436,14.491032182913571,0,One,100.43788681108657
10.9603106985552,13.671441706851954,1,Three,74.17000295488016
5.2868545065689325,11.664942957564246,0,Two,37.2325443897173
13.930228973216362,15.756121048117572,0,Two,86.35491067265903
5.033076690631339,15.997108515885861,1,Three,53.239342050542604
16.318187007161924,19.08451560483135,0,Three,105.07633984098291
14.178895997643652,14.057563258642604,0,Two,83.25326393325153
11.474978561545694,16.5503498138032,1,Two,83.95981675192621
12.114197199310688,12.062355173418137,0,Three,68.67475151911223
14.409388038497848,13.67601617862968,0,Two,83.34355106339939
10.175642121407833,18.458861740157687,1,Three,82.53442315055598
8.08230904002501,10.81595613829393,1,Two,54.41569306665176
9.416349100278401,13.04310408812177,0,,59.268486316481564
7.902543098544246,18.08050946681849,1,Two,71.66387280916697
22.374192934111,13.799331381985102,0,Two,119.54449408411362
9.762269010951387,13.707372234921054,1,Two,69.17416437730387
,12.053405161524742,0,Two,97.41190006160116
9.560384162188845,8.82497121475549,0,Three,49.11813916295029
10.958454364491844,15.289194956477896,1,Two,78.49704031275192
0.387677878624185,13.031639376042614,1,Two,25.246633945377326
6.608464475449479,14.50851705176474,1,Three,56.63866779473932
1.262009456702378,13.212039856620086,1,Three,29.32139014809221
13.015290016833113,13.31633872277117,1,Three,82.54830871852117
5.734785034326947,14.955076312881141,0,One,51.3472826172023
4.740915397064328,12.175351424167392,1,One,46.653907883927346
8.746185500821186,8.110181344716548,1,Two,50.681487708571744
9.447274161953242,10.420414170133402,0,,56.8057662079301
10.150346556146962,14.145672297668122,1,Two,72.01261690187364
10.813667029828267,15.58933333136797,0,One,75.81255323996515
11.812138342231336,11.735610686409412,0,One,70.73265889613441
6.027494841895896,18.43530252257453,1,Two,64.09567879662127
8.568949836223524,17.723183434041268,1,Two,73.77887385101637
8.954954216705383,10.707423735925845,0,Two,51.38308817540981
3.9450559927813833,12.37061262369626,1,One,43.55264916836913
11.586652807967328,14.9718844652196,1,One,84.45674962924171
14.201117312878372,11.160995989333914,1,One,86.76601150244001
11.188122545716052,14.64368771851356,1,Two,77.92745914341876
9.219104226458121,14.466805065095091,1,Three,68.30015912204617
15.574419110713187,12.656684183001802,1,Three,92.4415713799769
12.683545008153079,11.311965576137156,1,Two,76.38473365106728
7.145711638566501,16.713894855641954,1,Two,64.85596799927954
10.303402319345702,12.25067208168527,0,Two,61.29626685505999
9.144482464674974,8.055341730913845,1,Two,52.340142547513636
9.83095861995145,14.725455071845783,1,Three,71.7005140635591
16.61922750740175,12.78003845968566,1,One,101.68816819815025
8.66080995970068,15.463574121485742,1,Two,68.5758879896673
13.753584964552232,14.523329831737453,1,One,93.10728179096417
5.25869906591045,15.289947938614912,1,Two,52.81224114270101
1.8719803398045887,10.799595434066127,1,,26.387388619150368
11.85849970432785,13.328572440646774,1,Two,77.67946887244703
12.704059820016772,10.35808197766297,1,Two,74.1060104419387
10.343641778325567,16.5939064251733,0,Three,71.96010564994225
12.401800185538605,12.707321883268289,1,One,82.50103671398008
9.008819641301779,12.022397654470938,0,Two,54.89461821083563
12.382827370665181,12.901651181968894,1,Two,78.98117185425815
1.6392321491054727,12.315401376639555,0,Two,22.41098879938875
18.125937618196915,9.232339306203324,1,Three,95.42803405058753
11.993993719945587,13.317561314294435,1,Two,78.26271826130379
9.899538142596754,19.673082931255614,0,Two,77.92692365272259
7.98987386041763,17.55575440411955,1,Three,70.43902541518179
10.355014468567491,15.538852361452378,1,Two,76.39816331261122
8.843158486687464,9.5448216260618,0,Two,47.98925561647688
12.109458473142157,16.45433434818745,1,Three,86.26653273993551
5.227132860038053,16.7382909029237,1,Two,56.27029313508277
3.3929261499276366,13.447530750054565,1,Two,39.823994845891264
7.322712808857059,13.514152817705995,0,One,54.92161505231898
14.228027858634244,16.009633008873294,1,Two,95.02266234398483
7.831165908083161,12.94499423325434,0,Two,51.880774284697715
6.210969827101457,14.680735756654013,0,Three,48.57991113809217
11.771926632656946,15.672700774484069,0,Two,76.42087997596884
15.62241222369961,15.529659157026074,1,Two,100.11350750688376
11.857603565445743,13.878522280761326,1,Three,78.7285306754694
10.422562561978847,14.192968450058302,1,Three,73.04299042002522
14.042359891565027,15.59609572479722,0,Two,86.46244993740592
7.782975083902386,14.67736502600339,0,Two,55.96994526233136
,11.699333360579482,1,Three,31.514266861139802
11.441029513949536,11.31484908329045,0,One,68.01427537175549
6.351030191738405,16.487333962867975,1,Two,60.711447250647986
0.5364149989725036,13.391628546128635,1,One,30.729229926157956
11.643513896418975,14.058505144124176,1,Three,78.21111205860358
13.372233891332373,16.100680772840658,0,One,88.61417354253271
3.8389651588891196,13.035610807795289,1,Two,40.81017051355694
6.180293695371546,15.166082682704367,1,Three,56.343646703263914
11.845180479825816,12.795703623199119,1,One,80.21225977469197
7.171317195924528,13.447086753521559,0,Three,49.841218324078625
12.715220423390246,14.370083946651192,0,Two,77.43389196333143
8.656350866551296,18.11018584059122,1,Three,74.82080128385927
9.280346026304931,12.883733569017306,1,Two,64.95490593145334
10.701724185819996,17.61174888001304,1,Three,82.79951499670887
10.696216525324989,12.24178516631748,0,Three,62.73047089981974
11.667565316315244,12.481785817969174,1,Two,74.71404600242502
10.00087961706507,11.928555239517552,0,,59.13218779984477
15.577258946014744,14.292426923496748,1,Two,96.8344911233993
8.739791765012253,14.429403101309694,0,Two,59.66557425878243
11.990825707130599,18.398326478638364,1,Three,90.56429913839911
8.392809522031536,14.627188504248235,1,Two,65.2890121316881
13.396135303408496,13.19892552853639,1,Three,83.97276916690399
13.59150044560635,12.096359326027176,1,One,86.34383360242875
10.264767879223848,15.887605372179715,0,Two,70.16289023639493
14.592888106674149,12.836304643901883,1,One,92.69607959394217
6.968534105937845,14.192687677125038,0,Two,51.09474655368918
6.10007734751692,6.732318602478559,0,Two,28.635856884991412
13.083535360787828,16.34806127942049,1,Two,90.70613082772226
11.81003682759208,11.339559345851864,1,One,76.4341787349018
9.030006830434964,10.03783108971523,1,Three,56.43836863739852
8.443336445356682,15.772854966145971,0,One,65.58655788532229
10.301530949001714,12.941000888602519,0,Two,63.00386129394076
18.200259346593697,14.469849660957124,1,One,113.0138428019317
18.76056445901874,12.742579989987778,0,Two,100.63233267916425
6.328643771148457,13.861564932863404,1,Two,54.08339041441762
11.95768855315749,13.701676053073037,0,Three,72.04446983799211
7.977324492029213,14.427537562387108,1,,62.60630943116155
12.383791504432416,10.95703485112378,1,Two,74.15156517920549
9.376753669827307,10.428989564998492,1,Three,58.97337393915946
5.985561243894629,18.15636969565992,1,Two,63.21332499321892
7.16538885201931,15.515763533237086,0,Three,54.956844175722544
18.416699593638654,16.908572394637694,1,Two,116.13403814760423
4.009215854006676,14.982051045144777,1,Two,46.41591244353612
11.349607785189416,14.664096141013928,0,Two,72.01044441998255
8.853084193790039,13.165087828279916,0,Three,56.719318365966316
7.551494475431559,14.484559688433885,1,Three,60.82899871051005
13.361645250094387,11.716584571379798,0,Two,73.7509854909166
12.083578287997625,10.968060088030278,0,Two,66.13052290261302
9.948728591840995,14.575012679485019,1,Three,71.85728780904702
6.903217767325476,17.83156077659332,1,Two,66.54144654448842
8.907756786396952,10.50746016818215,1,Three,57.05484314578603
11.756261427007582,13.787751044199263,0,Two,71.66465105549624
12.694240400318094,15.301159442764487,1,Three,86.03535009961743
3.351894247142524,11.751150706383726,1,Two,35.42219657619519
9.546426400945329,14.923183300866754,1,Three,70.90974880375656
4.5671736278946655,16.444371373967922,1,Three,52.251502365883695
2.3362919942128464,15.385017717380862,1,Two,39.878368268930316
12.160178167422782,13.463899462601116,0,Two,72.67991880731807
8.313973735174,12.629173269023774,0,Two,53.27153734468634
13.908530076548239,12.904713652408624,0,Two,79.16905757065508
9.862117990068699,17.907775279693304,0,Two,73.37006108189168
5.8300597793261035,11.296342061407227,0,Two,38.76429519038017
16.426838069433593,15.2383112361377,1,Two,103.01451840135046
14.383953549268789,12.29480210148243,1,Two,86.4909880022396
1.5848975223349715,13.750049843101506,0,,25.418418213773275
,11.123420911280025,0,Three,51.779757323406045
8.829343381478806,7.971084915521273,1,One,54.62790927652749
10.85884592035071,14.938511372441992,0,Three,70.1669367451921
11.741621751144962,14.713169080955433,0,Two,73.89909126061235
8.626958243413553,15.714485894624811,1,Three,68.73307872110942
12.208999981398332,11.784826311808532,1,One,79.33900705218848
3.3720256537494704,15.311647810739284,1,One,48.281077345694456
8.234529763798104,16.528692351011124,1,Two,69.30248641726752
12.139237595931267,15.392678880746503,0,Three,77.06615968932694
8.052106070388156,16.075337503950404,0,Three,60.34394390052937
9.081369719317776,15.488050360101457,1,Two,70.53203728518085
6.633689740123899,14.08267518422107,0,Three,48.998285625893814
12.410035585592635,14.326695588750333,0,Three,75.63671057481648
7.758580650318631,12.793421225563275,0,Two,51.17687752086053
14.058473786637842,12.205161645295162,1,Three,84.48737091209237
6.240413478950117,14.339760881540174,0,Two,48.178974916033845
14.53191873299345,18.38344554471557,0,Three,95.28356631475428
14.146438451477987,12.455952130288342,1,Three,85.50721297616597
6.611927031568015,12.248703095128937,1,Two,51.3507702093911
10.120028550346927,15.500290606087875,1,Two,75.24331214117821
7.560156016886367,15.62842523288406,1,Three,63.711468364572994
8.113111384156188,11.05341112989326,1,Three,54.83080449406048
2.032331049858845,12.453073082133718,1,Three,30.90629308659469
6.6041334664670694,12.540086215418864,1,Two,52.03997133392435
-0.8888376420200252,17.314759444491195,1,Three,29.82691641926784
16.811957892447854,14.796767045439301,1,Three,103.33854185055213
10.920871248317912,13.116009207615539,0,One,70.14746253273584
9.718368744049386,13.231423753145648,1,Three,67.47923170096873
17.75977130873011,10.19988907572493,0,Three,89.4875064670202
6.585725738637182,14.069930798160781,1,Three,55.44594957985104
2.6744774181392366,12.26938367032838,0,One,30.87948932499802
12.757314721902155,17.40618198661441,0,One,89.088193522059
16.49430518043036,14.479991164298356,1,Two,101.43352595716576
10.62852113837778,13.37141214198608,0,Two,65.54740579207524
11.412997877307605,16.348883889658754,0,Three,76.17021459248632
11.446010362409108,11.50928520678294,1,Three,70.9841544110755
10.23030347724611,18.133527753939347,1,Two,82.28601403117926
10.329476367349564,18.31986701985271,0,Two,76.50065376540682
12.01805228230881,13.673328420827822,1,Two,79.25551156303557
7.096615736914637,10.965520968966526,1,Two,50.345331176233906
3.409061008693297,17.59044478015685,0,Two,43.4997163243133
16.993070523263583,13.011258601377381,0,Three,93.0208096599755
8.567050623828269,14.72430266895082,1,Three,66.00168754494489
9.481863051664869,15.390372909127976,1,Two,72.09410350465878
5.614703276153258,17.262228598552106,1,Three,59.005367476189306
18.608250319763936,13.604869315297018,1,Two,108.78489926324673
6.698363411787309,11.950206904260067,1,Two,50.99830115628623
7.460613038357758,13.768149958274963,1,One,62.869969194725314
6.084224455889801,13.453487644476688,1,Three,51.65350825088386
12.48349463426162,18.506110112539076,1,Three,93.05250412102116
11.909259188696815,13.328550205695212,1,Three,77.59419581785893
8.638307063006186,9.833857128648141,0,Two,47.784554743641834
14.28440967342787,9.197073508521974,1,Three,78.02803645219791
9.808814115482397,9.445247192335218,0,Two,52.09358193919013
9.202767379130254,12.111272954080915,1,One,66.60252329113403
8.592123036698638,10.324512429715782,1,One,59.40902530678783
7.3090454837368934,13.18267343896016,1,Two,56.81409822154746
11.063403253770744,15.41741439134452,0,Three,72.27926347179658
11.44998027943884,10.774500509213478,1,Two,69.489480172527
9.994717367551132,16.09108273196682,1,One,80.06460753077741
6.599897619038596,14.171717069906324,1,Three,55.76283854925983
12.891546361182733,15.281556617312177,1,Two,87.18977735834403
11.733014388489465,12.302055659033627,1,Two,74.56222507273486
8.56752886891643,13.447715162165133,1,One,67.0618850932485
9.465586373000612,16.49420446012091,1,Two,74.76466890030923
13.505040213313007,16.098567585749905,1,,91.67152956654449
13.909787406364263,15.516548623347889,1,Two,92.36275598908071
3.730461573185459,12.410270679089047,1,Two,38.76670699254541
13.868420353382135,12.648570681657958,1,One,88.96450224107184
9.377304831910035,9.798878220261248,1,Two,57.72349098074288
5.4738327796626445,11.591420897047158,0,Three,37.578451813724115
6.921481172952072,10.325205513838373,1,Three,47.65038899357801
4.7858891963511665,16.943791073546244,1,Three,54.478635598492026
9.079248827851051,12.510658206259148,1,Three,62.807268613597046
8.576548460420213,12.17147653260417,1,Two,60.01261536580103
14.970862503341378,13.675712354146603,1,Two,92.56865174937656
10.427880454748754,10.184392127965493,1,Two,63.41635872230946
8.28480846947822,14.394461249040809,1,Two,64.22377534556102
9.504770852143649,13.445829282359766,0,Two,60.66806950720788
8.084607871001296,15.756033115697385,0,Three,59.69668653838411
11.94584603376608,11.359798710761154,1,Three,72.86513192063487
12.580974142246212,17.091216798725377,1,Two,90.28862019810857
9.32200256955056,19.36631178005078,1,Two,81.25711065979743
11.867200233447326,17.843188910750186,1,Three,88.62719731542721
18.01332865364496,12.52558542558714,1,Two,103.42091180820341
7.331729610582363,11.97692721627834,0,Two,47.22356806418806
9.592464191115965,10.338540300273884,1,Two,60.03463271887558
11.028158818264732,12.203576353402285,1,One,75.05833052660661
8.894907482375451,13.894578478600701,1,Three,65.41667730598742
18.40504976359144,13.928404284094189,1,Three,108.35942559644602
3.6921314074742098,16.974413572047254,1,Two,49.93957088482118
9.230645527677412,11.131901442058753,1,Three,60.06222620595832
8.554822233952741,12.139945964605198,0,Three,52.826852471136846
7.708146885027038,12.044002135626952,1,One,59.69960362043938
16.368501464738934,18.293567706338997,1,Two,110.34641194070072
14.2471486937543,15.149293936373816,1,One,96.88761882635728
1.0449594730650933,14.810336698678096,1,Two,32.6302650193705
8.178513538385712,12.580954097128743,0,Two,52.54120494637705
16.09596653527159,14.741074950563522,0,Three,93.27789581180608
13.791145077398292,10.637621333967232,1,One,83.61740828675333
12.48199997504203,15.994687669046634,1,Two,87.11681468282006
5.875214061429909,16.116138879508945,1,Three,57.33042820785002
6.729496953848325,14.97599503391121,1,Two,58.66015050132492
1.0147120494582218,13.042564167037527,0,Two,21.40410006102362
6.378577374865289,10.505258360818797,1,Three,45.65130172121772
11.651737633318161,15.025005521246213,1,Three,80.65071213323625
12.423987725260208,14.646551152865797,0,Two,76.80866048072798
12.072438222849149,14.771887018525106,1,One,86.14884711932108
8.040903796250895,14.61711999319927,1,Three,63.36410402262716
5.9814308824580955,9.74935715855974,1,Three,41.982481938338616
4.633008447425015,13.25504016779669,0,Three,37.924615852076485
5.79128296454633,11.572325287116112,1,One,49.88851275522745
9.253924064549624,16.263717804714876,1,Two,73.237839213854
18.0730215961674,12.76790185756873,1,One,108.20970652747106
11.028984464033888,11.411349766301273,0,Two,62.47979697708644
8.553573119651833,21.30448515292831,1,Three,82.2980496142158
13.20110475175051,15.981167435302865,1,Two,90.32394289609566
10.649105237825044,11.863233379326704,0,Three,61.57714912082285
4.896613538688659,9.826525285197064,1,Two,37.59941218193693
13.481244604509246,15.394490986202216,1,Three,89.81408919187876
12.716660884583575,16.43327603168713,1,Two,89.26459231922456
2.5489796700513363,15.03156464359639,0,Two,33.26275422930864
11.251842813243808,14.571844851990411,0,Two,71.34053474948608
6.92154214664737,14.204082259813019,1,Three,57.29282424667754
3.9061034610591294,14.706876240658916,1,One,49.18461804092014
8.050921861653759,13.114713631665605,1,Two,59.98852297218374
13.903660525493622,16.6222148660666,1,Two,95.08362343689703
6.871942944589174,11.857826317049714,0,One,48.77284623499461
16.338733913243086,14.210603831405237,1,Two,100.0627778779377
6.651689078799309,12.771203544819613,1,Three,52.51482925143292
7.731051590385409,14.516755784212826,1,Three,61.71822910586764
9.226196831533105,16.1782555322186,1,Three,72.58646788503455
16.05458770438228,13.35204619367051,0,Three,89.63855175029978
12.814221846424378,14.500836783287163,1,Two,84.90058145891847
7.460480194064917,16.287487619728196,1,Three,64.90057216109005
5.222600695999865,15.76770163159542,0,Three,46.82769356263111
3.6989518706714337,7.934449790670284,1,Two,27.498652813344265
13.772459466024237,13.139794069097507,1,Two,85.83570390732974
6.815977499114969,14.915603231567214,1,Three,58.585791515290175
15.211264082334097,13.427116616359683,1,Two,93.03408958544205
4.231096083763654,14.148947128835742,0,Two,38.649403734766096
13.128332998234088,9.431592955928078,0,One,70.93690105525351
10.888798347726125,13.105284657234503,0,Two,66.05883504341432
11.66736650369805,15.719893320015075,1,Two,82.76247827187768
6.934535689834546,14.140403841108878,1,Two,57.507060530727756
6.104079569421027,13.718432466761975,0,Three,45.7060910320976
9.434989839946901,13.729079277713328,1,Two,67.75319887826534
12.447632487468006,12.176814607256205,1,Two,77.47141649238567
13.065445783727197,14.309098336555799,0,Two,78.86062822277202
8.551833035918783,15.662857354064831,1,Two,68.58015040513585
11.41410449618101,19.860397770505497,1,Three,91.59966693171927
9.949516704065385,13.753093121524769,1,Two,70.13167343427335
7.39687957425541,18.76402763406231,1,Two,71.08413396703122
10.617966667107993,19.339597459039524,1,,87.03113061782568
7.960119754550442,7.687829047952249,1,One,50.00652164930122
1.7155688034457484,12.807036351680612,0,Two,23.97712201199625
15.85104974794295,15.136518269269144,1,One,104.08404465845227
10.742750550173762,12.223478538272966,0,Two,63.2086473893772
0.6359019278462448,15.263976378537413,1,Two,31.914458460553867
11.312083131241655,10.767752866137307,0,Two,62.155755818492665
16.703689860390668,11.80482444591383,1,Three,95.41320977600105
5.629831062324967,11.928367401996036,1,Two,46.12853554481644
14.185645342837635,14.11602228079292,0,Two,83.42899888482783
7.868295519057426,12.274738741837396,0,Two,50.381974083351245
10.653801388800215,16.488813048652165,1,Two,80.10610869664683
9.501104641821692,12.465096182446263,1,Two,64.90912859521836
6.240003098905568,13.381278263480086,0,,49.711945040861174
11.735855283581719,13.011090706015631,1,One,80.25498380899873
4.306035212482677,15.069863707015132,1,One,51.889280054222496
12.195837845389478,14.724729094022644,0,Two,75.97480978594399
13.960509902702789,11.35458509856837,0,Three,75.23601041098941
11.725101791431744,12.13380040657569,0,Two,67.41281496118471
11.408799049453815,13.115459152826991,1,Two,75.12307608952017
9.122567821430614,14.815148563295551,1,Three,68.73102219276102
7.629608127751267,18.497398995886183,1,Two,71.47016592949066
7.602608292021342,13.88301785490549,1,One,63.79542889250351
8.02400932003138,12.234879125796123,0,Two,50.984634564680114
,16.240143659741555,0,Three,73.5557569337046
4.616761905303776,14.20582256600663,1,Three,46.91036552951525
8.391858225432037,15.917846602131604,0,Three,61.483587265929884
4.523181929794883,16.177599326513242,1,One,55.62150240371994
0.22207087084703225,14.706791806969449,1,Two,28.664419861975798
14.056912035335134,14.550650605193034,1,Three,90.3107785572364
5.161513234042148,17.035574578455684,1,Two,56.71356144833473
8.402627788712637,15.168216393446551,1,Two,66.67815331011013
10.286848856896219,13.297878690911734,0,Three,63.510854055125535
10.882461467585461,15.829782400210592,0,Two,72.80286775099376
8.813145730883642,17.35400268559808,1,One,77.87908718912625
6.867225255481808,17.85045727814868,0,Two,59.73071490923733
7.491961430903156,9.687310389345264,0,One,46.171542548799536
6.5296482860252105,16.21536429241347,1,Three,60.52637490949656
12.202139389415638,8.861552208160006,0,Three,61.114478006407104
11.133893855000526,13.630889438257547,1,Three,74.85147215108177
10.757769727821286,15.38104465941401,0,Two,71.12545068928978
9.88044783318659,13.950835714438702,0,Two,63.61645684451728
6.420193115609461,12.888344677130146,1,One,55.99415370913811
8.211258875872463,13.639456794397608,1,Three,61.70154337638636
14.319826201005045,16.389360522162185,0,Two,89.68479467349007
4.4848606544883145,12.966186127079832,1,Two,43.54840383075566
13.6612589509555,17.173141188571922,1,Two,95.36070952655666
13.898720104706909,13.85734605566207,1,Two,88.18841323504353
12.348462374563123,13.859513813851157,0,One,78.42929627814122
9.30099431768367,13.005310741193961,1,Two,65.35017813775808
10.444198486754143,12.81349913394922,1,One,73.94279284614846
10.74849783534992,17.434031191446554,1,One,86.79993304030103
10.384796336076732,16.78294309940445,0,Two,72.92945546947884
15.406189736240464,9.999916773760393,1,Two,85.39317043852714
5.6512436434306395,10.508441799476318,1,Two,42.695365187603464
8.626354877130769,18.178459660028697,0,Two,68.47380833823377
15.106380331003361,15.3849404006185,1,Three,97.11422871894959
11.69202516736811,11.173406622578579,1,Two,71.57189201209034
8.235271952156907,13.641586139655786,0,Two,55.43352637925426
6.795687017093393,13.330834804239961,0,Two,48.173384520146065
12.68533799605538,16.915338102172132,1,Three,90.00777584247501
11.522691395643434,14.290357940579113,1,Three,78.24295270773351
0.615231083163053,13.576459184245582,1,Two,27.626451266559222
6.514863677551503,12.64205290031953,0,Two,45.19563578871074
5.524169956330802,14.187132275972829,0,One,48.489154107559386
10.504816721916212,15.992476003428,0,Two,71.50538955516777
12.582070713780876,17.141779448999102,1,Two,90.4192513072109
3.915729279320848,14.541620962992972,0,Three,37.89030488726591
6.236280667781181,15.820316278014884,0,One,55.75816072144084
14.325276599177862,13.330469679513808,0,One,86.0229560296543
5.5586213867488645,12.029391145401753,1,One,49.97617385763462
8.881882195210453,5.110246679776161,1,Three,43.521775029306
10.598656551757204,15.258736875288385,1,Three,76.48588086258711
7.500764853961206,10.765753254843041,0,Three,44.66062358185996
7.90339393327764,17.07694105766329,1,Two,69.17302426481373
13.932829799267914,15.53996633524732,0,One,89.74673919773191
11.360929765334703,16.991380334901553,1,Three,84.22818872850011
15.070835855561384,13.032252696635469,1,Two,91.41967426714996
11.982981271549399,15.633625177054755,0,One,81.19231756192299
11.630367625054918,13.877789359276239,1,Two,78.01661299670037
8.70334881917872,14.114314342370934,0,Two,58.71808790718902
13.881464664258612,16.36492109096629,1,One,98.2614385454211
6.98436585290325,11.508193786850192,1,Three,50.87447387527583
0.9354413280910858,15.104110360586828,1,Two,32.86697384722778
8.596816396931096,14.354918996917563,1,Three,65.21761221567608
5.458184358674205,12.757251659075093,1,Three,47.10146692009334
2.5131140704277515,14.867573603169246,0,Three,32.3794985217593
14.948136724118715,14.258507101767682,1,Three,93.60098178957652
11.8523528505803,12.444313672383613,0,Three,68.44419394315717
6.664437953009665,16.61567055375172,1,Two,62.442879827061525
4.562691915142549,13.593322792038082,1,Two,45.45810447686152
13.485193564503994,15.107017533067703,0,Two,82.7357524384807
7.231983277617393,15.169896593053556,0,Two,54.71117187583357
7.253579156617116,13.249174821361674,1,Two,56.729442146397346
19.833765336188822,13.873860368872622,1,Two,114.97649962147915
14.630715496154536,14.702439418798628,1,One,97.50541475765154
9.630699659763515,12.706384061470086,1,Two,66.09296143417994
13.346226579121335,14.32377254976668,1,Two,86.85797984208594
3.012854989165062,17.178977826157393,1,Two,47.38683384768697
4.173886766542765,20.341834071439465,1,Two,60.48143869273835
1.3916553601440107,14.658571230602599,1,Two,33.81543354983469
9.185394164774438,15.136759496985537,1,Three,69.81362157889859
9.443829458595973,11.071940117157915,1,Three,60.87391404476301
8.440453962930226,15.153314231851947,1,One,70.72900545544928
17.025301321592416,12.71829403799997,1,,99.44727867380631
17.144007327747843,9.481794136240248,1,One,95.85433798037315
11.464372772321497,16.59931657149124,1,Two,84.03374259663084
4.354110560099367,13.399718837334538,0,,37.34134300684913
6.387778454615859,11.582361162160904,1,Two,48.6842150527317
10.153550738720465,13.910886085238953,1,Three,71.12945060189004
10.933857827772268,15.208493344170897,0,Three,71.17611200181055
10.87004096072379,16.23489142199258,0,Three,73.43994640355339
13.409073423246795,12.157482053770106,0,Three,74.74674322312765
16.428294061816253,14.15922526865863,0,Two,93.64317461179623
5.864947213308613,13.329675685782055,0,Two,43.97600606854303
7.444418234100965,13.802677660387403,0,Two,52.26988700810241
6.476183924825882,13.211920106185083,1,Two,53.13340359134919
9.31705715551944,13.873353789140094,1,Three,67.26638780844581
11.93034384544575,14.117152939796838,1,Two,79.96350691219018
11.024274260183669,10.030187940228103,1,Two,65.72076042569338
1.9653854639506712,16.71686347300252,1,Two,41.51754978135023
3.018382784467997,13.706649924397187,0,Three,31.770717492788
10.095884248329785,17.81153114555463,1,Three,80.56584165734215
7.302083682599013,13.892981052328627,0,Two,51.85291558410444
15.34428159939492,17.763391245674505,0,Two,97.71721580670797
10.850942574883707,12.892919421978233,1,Two,72.05583300243359
19.883173651293312,16.1598134992328,0,Two,114.18611545937067
10.878694680432659,13.079545967180643,1,Two,72.64481999663052
14.063916799512013,13.612086112152392,0,Two,81.62772289982553
12.464189320899255,14.678414798723365,1,Two,83.76454109764117
4.893937502464907,12.883969242975269,1,Three,44.87361298046538
2.4051218125290967,15.004979510499808,0,Three,32.23438302783008
12.423407616443244,10.272200638121587,1,Two,72.62773074151197
13.767521686309095,17.52337090116626,0,One,93.93212914531
4.451788488708863,11.235289822027001,0,Three,32.08720435590892
4.999822898213823,15.498379590864493,1,Two,52.16370483934864
10.264864132730509,13.462122542146181,0,Three,63.820056529793376
12.871109901340207,14.603837035339483,0,One,82.63492171726651
9.258920594108439,15.130203117733652,0,Three,63.433179867158486
9.572026447240503,9.370028770341897,1,One,61.45241699083184
10.099424724540123,12.294642737185523,1,Two,67.1818187035931
18.84768892329315,13.236487702588262,0,Two,102.25273212648395
16.60755982178742,14.99401857920272,1,Two,103.22169817356388
7.318159155452909,12.743776195922612,0,One,52.98608156591777
10.65113282434399,15.063216646742466,1,Two,76.55031705516029
14.15813231897868,16.32115819372144,1,One,99.39949010061314
7.768115393578025,15.884453457858852,0,One,62.82100141413681
12.439546153774893,14.676872313916501,1,Two,83.64964920800894
18.339102005162154,12.09901035758496,1,Three,103.5146932814246
4.265869404187827,15.19529773533289,0,Two,41.407145580247075
5.996191145456692,13.15880927054347,1,Three,50.524259761922394
10.484501741671496,13.447880447275013,1,One,75.70137760730684
8.421904037262273,16.173947323955048,1,One,73.18251040219077
11.0491284124194,12.363300628015677,0,One,68.85437729908313
5.670801824228285,12.587009553493628,1,Two,47.950436406787496
20.64668259578624,15.46404895369827,0,Two,115.89742522514503
11.795302583291123,13.655227028910224,0,Two,71.51116512384813
15.982173899158322,13.342609392523542,1,Two,96.2982234392556
0.7972870618753163,13.353703131664991,0,Two,21.19767988920195
11.122985744992347,6.450053066269974,1,Three,56.952100246542265
15.88056079616391,15.544903594714896,0,Two,94.61928166855475
12.053510049524318,16.74467546400887,0,Three,80.04062768133949
5.683972595929164,14.519069611366152,1,One,56.7299589558755
5.471496402531314,14.198686234269285,1,Two,51.058567326524894
7.546138835254185,12.627782233255965,1,Three,56.189262150649064
14.376283268982814,8.336924280003291,1,Two,76.61787857845742
16.892562239627495,14.495186552376262,1,Two,103.26609484682069
4.265499687345182,15.28963268134515,1,Three,48.02150652384509
18.851683387764936,13.427096005533524,1,Three,109.12607832549756
13.517780980856962,14.650088528970707,0,Three,81.43280007443308
6.498157238733441,16.22135603060762,0,Two,54.01782271699815
21.058085545682445,15.024975649547063,1,Two,123.35551089866689
12.407734641788881,12.694793435251732,0,One,75.80113775004396
10.038309539378925,11.970684691933645,1,,65.7871245458772
11.666239714025219,13.949551229533505,1,Two,78.35666167745619
6.743864213272174,12.540602209460403,1,One,56.5883960189691
10.449626052740234,15.604097792713308,1,One,80.90415800947345
8.896585136185342,13.756930568481192,0,Two,58.70054283695232
7.543165848578901,14.228215294335408,0,Two,53.77271245851686
18.078419030472794,10.700973008491097,0,Two,92.4831054522133
4.579467837017836,12.96504463667607,1,One,47.88935324849706
5.202082366030408,10.738890693321043,1,Two,41.24401561247171
8.94168801786158,14.256602681805886,0,One,64.06332357520044
17.178253052659247,13.182785256933053,0,Three,94.28174135286403
11.94398067244093,12.857494796492242,0,Two,70.19818902083887
12.610087095185694,13.178115397410505,1,Two,80.69258487203847
8.159061332461764,11.163597169796267,1,One,59.543185122870185
7.210595703530259,10.622403746608194,1,Two,50.006071272639794
9.258820427651262,11.211308093311688,1,One,64.61798953222142
3.6942267671543005,14.414363646198902,1,Two,43.58520967321076
12.24059888557308,14.203561376982115,1,One,85.49393348881156
3.0777331254386393,13.53236346451794,0,One,35.8363433845097
11.645472263394627,13.984527652070541,1,Three,78.03604351039313
15.413652492306278,12.184129206000035,0,Three,83.8468731415057
-2.8757209152038037,13.729365506717947,1,Two,12.274129299233422
17.717102455808778,14.760319092626284,1,Two,107.64105981576103
8.324221689201098,14.493729962971518,1,Three,64.33418759485227
9.306334051195156,13.483168411395486,1,One,70.47953458380276
7.668988327427574,12.323039282062126,1,Three,55.98536513471576
2.8518403841922666,15.916402789189338,1,Two,43.522676223379875
13.19650472739774,10.227623014812288,0,One,73.22290711327018
-1.281917054463877,13.095497317339953,1,Three,17.567159421043403
4.237543693288332,13.313147317639759,0,Three,36.286847207899626
6.53752000695938,17.357943966277077,1,Three,63.402088703868294
3.6668745878925355,13.232759715667703,0,Two,33.82919776198562
7.487611536803146,17.713478324015664,1,One,72.79898809323713
10.794419454339756,15.289380012147936,1,Two,77.75825617658921
6.683867368430743,11.726836717026465,1,Three,50.06374463939837
10.746104416972479,15.892492632454408,0,Two,72.344243271233
14.520586222729882,11.591020543367218,1,Three,85.0432996248024
13.010565164648629,14.560051646413202,0,Two,79.23712463010294
13.562087862209205,12.79821632441372,1,Two,84.03853932206731
14.105057548080254,17.36328379190432,1,Two,97.83340312124383
7.491956989179803,17.723828347364723,1,Two,68.92687197526587
2.367355433215332,15.814704120339227,0,One,38.30840714825683
4.007025135605154,15.40891154144904,1,Two,47.46713486867729
7.289026347249575,15.492652033580638,1,Two,62.46605320544184
6.3276658491412725,18.780688745157846,1,Two,66.30700295727088
11.915601556624274,12.90738877001927,1,Two,76.88982196865906
,14.88551913829376,1,Two,70.36237115004293
11.766120235752812,12.32521298939003,1,Two,74.7689855590866
15.774115137219205,17.132955832508067,0,Three,97.77319911888522
14.600703559325826,16.18972186676636,1,One,101.06726751771424
-2.8026039652844794,11.716816706438408,1,Two,7.600821066717295
9.134079486147721,14.054764287795317,0,One,64.4286277432252
12.798920950931851,14.533687468114708,1,Two,84.91328667503576
9.544640155210649,14.015289330257,0,Two,62.26331651335297
10.627314229539246,10.361806264190754,1,Three,64.44217879149213
9.081324640796726,14.495756334949776,0,One,65.2871048965704
10.573761747965236,16.281744328241853,1,Two,79.23066587027762
8.91764445434646,11.105041162712297,1,Two,58.8988493522396
15.20316137099677,16.343455335467187,1,Two,100.24704505523312
11.926727630873296,16.23487716681229,0,Two,78.51597545663908
